timeOpen;timeClose;timeHigh;timeLow;open;high;low;close;volume;marketCap;timestamp
"2022-12-31T00:00:00.000Z";"2022-12-31T23:59:59.999Z";"2022-12-31T08:46:00.000Z";"2022-12-31T00:00:00.000Z";0.00224384636286;0.00227900038655;0.00224384636286;0.00225107125219;6584121.17;47287043.82;"2022-12-31T23:59:59.999Z"
"2022-12-30T00:00:00.000Z";"2022-12-30T23:59:59.999Z";"2022-12-30T03:43:00.000Z";"2022-12-30T14:58:00.000Z";0.00224849828338;0.00225693555693;0.00220208863953;0.00224399125437;8236677.67;47124504.62;"2022-12-30T23:59:59.999Z"
"2022-12-29T00:00:00.000Z";"2022-12-29T23:59:59.999Z";"2022-12-29T05:18:00.000Z";"2022-12-29T20:42:00.000Z";0.00227025087677;0.00231763895318;0.00220112937445;0.00224886409038;9850223.93;47212143.41;"2022-12-29T23:59:59.999Z"
"2022-12-28T00:00:00.000Z";"2022-12-28T23:59:59.999Z";"2022-12-28T00:47:00.000Z";"2022-12-28T21:45:00.000Z";0.00239546299071;0.00240110930444;0.00226331395974;0.0022702976451;13221347.68;47643214.78;"2022-12-28T23:59:59.999Z"
"2022-12-27T00:00:00.000Z";"2022-12-27T23:59:59.999Z";"2022-12-27T00:10:00.000Z";"2022-12-27T18:01:00.000Z";0.00242864110298;0.00243478635109;0.00238321831059;0.00239540639453;9262946.83;50253689.85;"2022-12-27T23:59:59.999Z"
"2022-12-26T00:00:00.000Z";"2022-12-26T23:59:59.999Z";"2022-12-26T23:59:00.000Z";"2022-12-26T09:14:00.000Z";0.00238467017111;0.00242811672932;0.0023690111437;0.00242811672932;8849672.95;50844495.49;"2022-12-26T23:59:59.999Z"
"2022-12-25T00:00:00.000Z";"2022-12-25T23:59:59.999Z";"2022-12-25T10:44:00.000Z";"2022-12-25T19:24:00.000Z";0.00242378711828;0.00243448372131;0.00233407466774;0.00238464973365;10756804.21;49921350.33;"2022-12-25T23:59:59.999Z"
"2022-12-24T00:00:00.000Z";"2022-12-24T23:59:59.999Z";"2022-12-24T14:57:00.000Z";"2022-12-24T00:13:00.000Z";0.00240477891748;0.00244051941399;0.00240445043051;0.00242369402004;9348953.7;50722467.15;"2022-12-24T23:59:59.999Z"
"2022-12-23T00:00:00.000Z";"2022-12-23T23:59:59.999Z";"2022-12-23T00:05:00.000Z";"2022-12-23T23:49:00.000Z";0.00244886389567;0.00245407552225;0.00240448850079;0.00240481282607;11655466.7;50310582.36;"2022-12-23T23:59:59.999Z"
"2022-12-22T00:00:00.000Z";"2022-12-22T23:59:59.999Z";"2022-12-22T01:04:00.000Z";"2022-12-22T18:05:00.000Z";0.00249287406845;0.00250020460099;0.00239598057329;0.002448965289;12644894.44;51202351.07;"2022-12-22T23:59:59.999Z"
"2022-12-21T00:00:00.000Z";"2022-12-21T23:59:59.999Z";"2022-12-21T00:00:00.000Z";"2022-12-21T22:58:00.000Z";0.00263481698604;0.00263481698604;0.00246856038438;0.00249304160063;11525652.78;52109196.2;"2022-12-21T23:59:59.999Z"
"2022-12-20T00:00:00.000Z";"2022-12-20T23:59:59.999Z";"2022-12-20T15:35:00.000Z";"2022-12-20T00:00:00.000Z";0.00247799979256;0.00264137683263;0.00247799979256;0.00263491070568;10439643.9;55059257.34;"2022-12-20T23:59:59.999Z"
"2022-12-19T00:00:00.000Z";"2022-12-19T23:59:59.999Z";"2022-12-19T09:40:00.000Z";"2022-12-19T22:38:00.000Z";0.00264960382461;0.00269230820913;0.00245514004023;0.00247792220271;8353809.07;51754037.89;"2022-12-19T23:59:59.999Z"
"2022-12-18T00:00:00.000Z";"2022-12-18T23:59:59.999Z";"2022-12-18T00:01:00.000Z";"2022-12-18T10:12:00.000Z";0.00268065245961;0.00268093826123;0.00262338920651;0.00264931137502;4848049.08;55296247.13;"2022-12-18T23:59:59.999Z"
"2022-12-17T00:00:00.000Z";"2022-12-17T23:59:59.999Z";"2022-12-17T23:54:00.000Z";"2022-12-17T02:29:00.000Z";0.00260115795637;0.00268449651242;0.00254357871626;0.002680844423;9944918.69;55939418.41;"2022-12-17T23:59:59.999Z"
"2022-12-16T00:00:00.000Z";"2022-12-16T23:59:59.999Z";"2022-12-16T07:47:00.000Z";"2022-12-16T23:35:00.000Z";0.00295869160214;0.00301194759849;0.00258306555607;0.00260133029442;13165991.72;54241260.04;"2022-12-16T23:59:59.999Z"
"2022-12-15T00:00:00.000Z";"2022-12-15T23:59:59.999Z";"2022-12-15T06:23:00.000Z";"2022-12-15T22:46:00.000Z";0.00301470788307;0.00302885382508;0.00295300159826;0.00295955179355;7532442.1;61686866.46;"2022-12-15T23:59:59.999Z"
"2022-12-14T00:00:00.000Z";"2022-12-14T23:59:59.999Z";"2022-12-14T04:17:00.000Z";"2022-12-15T01:58:00.000Z";0.00303698666177;0.00308271889311;0.00296919194403;0.00297052937026;10327397.33;61900583.16;"2022-12-14T23:59:59.999Z"
"2022-12-13T00:00:00.000Z";"2022-12-13T23:59:59.999Z";"2022-12-13T16:53:00.000Z";"2022-12-13T07:22:00.000Z";0.00298653341535;0.00304485030777;0.00288232318393;0.00303677293146;13009915.11;63244515.44;"2022-12-13T23:59:59.999Z"
"2022-12-12T00:00:00.000Z";"2022-12-12T23:59:59.999Z";"2022-12-12T22:10:00.000Z";"2022-12-12T03:06:00.000Z";0.00298518057724;0.00299493980899;0.00288048476568;0.00298669203968;11539046.21;62183585.83;"2022-12-12T23:59:59.999Z"
"2022-12-11T00:00:00.000Z";"2022-12-11T23:59:59.999Z";"2022-12-11T19:05:00.000Z";"2022-12-11T22:43:00.000Z";0.00304424466483;0.00308747360038;0.00297366327988;0.0029853751306;9789510.96;62134832.07;"2022-12-11T23:59:59.999Z"
"2022-12-10T00:00:00.000Z";"2022-12-10T23:59:59.999Z";"2022-12-10T13:01:00.000Z";"2022-12-10T00:15:00.000Z";0.00301443054847;0.003163615851;0.00300935266333;0.0030444882353;19308268.58;63344789.31;"2022-12-10T23:59:59.999Z"
"2022-12-09T00:00:00.000Z";"2022-12-09T23:59:59.999Z";"2022-12-09T08:01:00.000Z";"2022-12-09T19:12:00.000Z";0.00303424416385;0.00308058242004;0.00298624721606;0.00301452264416;12255633.74;62695167.81;"2022-12-09T23:59:59.999Z"
"2022-12-08T00:00:00.000Z";"2022-12-08T23:59:59.999Z";"2022-12-08T20:24:00.000Z";"2022-12-08T11:47:00.000Z";0.00299640991957;0.00304580632339;0.00291529859184;0.00303446187889;12900362.6;63094276.38;"2022-12-08T23:59:59.999Z"
"2022-12-07T00:00:00.000Z";"2022-12-07T23:59:59.999Z";"2022-12-07T02:12:00.000Z";"2022-12-07T08:05:00.000Z";0.0031200322306;0.00314127699529;0.00293660119652;0.00299640345421;18500618.81;62232111.8;"2022-12-07T23:59:59.999Z"
"2022-12-06T00:00:00.000Z";"2022-12-06T23:59:59.999Z";"2022-12-06T00:46:00.000Z";"2022-12-06T18:39:00.000Z";0.00311458409167;0.0031300065309;0.00307685082679;0.00312007913927;11867330.62;64770692.79;"2022-12-06T23:59:59.999Z"
"2022-12-05T00:00:00.000Z";"2022-12-05T23:59:59.999Z";"2022-12-05T08:36:00.000Z";"2022-12-05T20:25:00.000Z";0.00316189961587;0.00321135565954;0.00304481970963;0.0031146948264;18898939.03;64607037.37;"2022-12-05T23:59:59.999Z"
"2022-12-04T00:00:00.000Z";"2022-12-04T23:59:59.999Z";"2022-12-04T09:31:00.000Z";"2022-12-04T00:02:00.000Z";0.00308941613618;0.00316937039471;0.0030872951929;0.00316238112648;14310097.13;65576632.85;"2022-12-04T23:59:59.999Z"
"2022-12-03T00:00:00.000Z";"2022-12-03T23:59:59.999Z";"2022-12-03T02:20:00.000Z";"2022-12-03T23:37:00.000Z";0.00322512817071;0.00329751491975;0.00308486216342;0.00309048708919;26274721.01;64068308.38;"2022-12-03T23:59:59.999Z"
"2022-12-02T00:00:00.000Z";"2022-12-02T23:59:59.999Z";"2022-12-02T17:38:00.000Z";"2022-12-02T04:14:00.000Z";0.00304361464331;0.00329238397244;0.00301047191978;0.00322471326382;52900136.63;66816793.06;"2022-12-02T23:59:59.999Z"
"2022-12-01T00:00:00.000Z";"2022-12-01T23:59:59.999Z";"2022-12-01T00:07:00.000Z";"2022-12-01T15:34:00.000Z";0.00307514453711;0.00309462959749;0.00300137330196;0.00304362630084;17325409.47;63037308.71;"2022-12-01T23:59:59.999Z"
"2022-11-30T00:00:00.000Z";"2022-11-30T23:59:59.999Z";"2022-11-30T23:30:00.000Z";"2022-11-30T00:00:00.000Z";0.00296144511402;0.00307741223625;0.00296144511402;0.00307511405046;21715339.5;63673585.03;"2022-11-30T23:59:59.999Z"
"2022-11-29T00:00:00.000Z";"2022-11-29T23:59:59.999Z";"2022-11-29T10:53:00.000Z";"2022-11-29T00:15:00.000Z";0.00292403313104;0.00301485606003;0.00288830194587;0.00296135552368;18326769.89;61280781.09;"2022-11-29T23:59:59.999Z"
"2022-11-28T00:00:00.000Z";"2022-11-28T23:59:59.999Z";"2022-11-28T00:41:00.000Z";"2022-11-28T02:07:00.000Z";0.00298514535323;0.00301653863042;0.00284294360911;0.00292423820515;24579201.01;60497789.25;"2022-11-28T23:59:59.999Z"
"2022-11-27T00:00:00.000Z";"2022-11-27T23:59:59.999Z";"2022-11-27T16:53:00.000Z";"2022-11-27T01:00:00.000Z";0.00298908361308;0.00307194852201;0.00296203408996;0.00298675086605;22398762.51;61774253.44;"2022-11-27T23:59:59.999Z"
"2022-11-26T00:00:00.000Z";"2022-11-26T23:59:59.999Z";"2022-11-26T08:56:00.000Z";"2022-11-26T00:00:00.000Z";0.00296097561968;0.00320004782337;0.00296097561968;0.0029887652596;39332445.45;61774630.46;"2022-11-26T23:59:59.999Z"
"2022-11-25T00:00:00.000Z";"2022-11-25T23:59:59.999Z";"2022-11-25T00:02:00.000Z";"2022-11-25T04:50:00.000Z";0.00300565140042;0.00300683028233;0.00290164531748;0.00296153395057;20052229.23;61192716.82;"2022-11-25T23:59:59.999Z"
"2022-11-24T00:00:00.000Z";"2022-11-24T23:59:59.999Z";"2022-11-24T04:12:00.000Z";"2022-11-24T19:20:00.000Z";0.00303142833586;0.00310649746541;0.00297353358415;0.00300487038681;22369857.05;62027291.77;"2022-11-24T23:59:59.999Z"
"2022-11-23T00:00:00.000Z";"2022-11-23T23:59:59.999Z";"2022-11-23T23:47:00.000Z";"2022-11-23T00:00:00.000Z";0.00287744703667;0.00303407365464;0.00287744703667;0.00303078074149;23493453.16;62559812.9;"2022-11-23T23:59:59.999Z"
"2022-11-22T00:00:00.000Z";"2022-11-22T23:59:59.999Z";"2022-11-22T20:48:00.000Z";"2022-11-22T09:58:00.000Z";0.00277889753455;0.00288929956071;0.00269876915585;0.00287702721331;17824315.9;59350372.37;"2022-11-22T23:59:59.999Z"
"2022-11-21T00:00:00.000Z";"2022-11-21T23:59:59.999Z";"2022-11-21T01:02:00.000Z";"2022-11-21T19:49:00.000Z";0.00292481359941;0.0029327751309;0.00276658121102;0.00278018316874;25103227.49;57338209.97;"2022-11-21T23:59:59.999Z"
"2022-11-20T00:00:00.000Z";"2022-11-20T23:59:59.999Z";"2022-11-20T01:56:00.000Z";"2022-11-20T22:05:00.000Z";0.00311723319471;0.0031645949929;0.00289051472849;0.00292627585687;25581560.59;60327797.44;"2022-11-20T23:59:59.999Z"
"2022-11-19T00:00:00.000Z";"2022-11-19T23:59:59.999Z";"2022-11-19T03:17:00.000Z";"2022-11-19T05:26:00.000Z";0.00311233449193;0.0031477306288;0.00303193524058;0.00311679319143;16936800.77;64239317.15;"2022-11-19T23:59:59.999Z"
"2022-11-18T00:00:00.000Z";"2022-11-18T23:59:59.999Z";"2022-11-18T03:07:00.000Z";"2022-11-18T18:56:00.000Z";0.00310928694178;0.00319395517219;0.00305093283835;0.00311280969695;22568440.54;64133750.24;"2022-11-18T23:59:59.999Z"
"2022-11-17T00:00:00.000Z";"2022-11-17T23:59:59.999Z";"2022-11-17T01:43:00.000Z";"2022-11-17T14:29:00.000Z";0.00315944921315;0.00317968722149;0.00303480360993;0.00310933605278;27826767.27;64025984.54;"2022-11-17T23:59:59.999Z"
"2022-11-16T00:00:00.000Z";"2022-11-16T23:59:59.999Z";"2022-11-16T04:18:00.000Z";"2022-11-16T16:05:00.000Z";0.00328098743362;0.00332555262532;0.00310362930352;0.00315898968724;40956488.42;65027997.53;"2022-11-16T23:59:59.999Z"
"2022-11-15T00:00:00.000Z";"2022-11-15T23:59:59.999Z";"2022-11-15T15:40:00.000Z";"2022-11-15T19:06:00.000Z";0.00329369522413;0.0033941320307;0.00325407891168;0.00328149817251;30960655.3;67489767.19;"2022-11-15T23:59:59.999Z"
"2022-11-14T00:00:00.000Z";"2022-11-14T23:59:59.999Z";"2022-11-14T00:00:00.000Z";"2022-11-14T02:13:00.000Z";0.00337724950504;0.00337724950504;0.00298939363781;0.00329411055664;50601213.3;67631068.45;"2022-11-14T23:59:59.999Z"
"2022-11-13T00:00:00.000Z";"2022-11-13T23:59:59.999Z";"2022-11-13T17:44:00.000Z";"2022-11-13T09:13:00.000Z";0.00333532169683;0.00353209329106;0.00324430723724;0.00337750500646;48592421.77;69322462.79;"2022-11-13T23:59:59.999Z"
"2022-11-12T00:00:00.000Z";"2022-11-12T23:59:59.999Z";"2022-11-12T01:52:00.000Z";"2022-11-12T23:40:00.000Z";0.00355039034963;0.00355912359179;0.00330684830044;0.00333302781066;31061612.05;68379718.95;"2022-11-12T23:59:59.999Z"
"2022-11-11T00:00:00.000Z";"2022-11-11T23:59:59.999Z";"2022-11-11T00:08:00.000Z";"2022-11-11T14:29:00.000Z";0.00393571267939;0.00396728798599;0.00326198484427;0.00355096525192;83610615.04;72829900.71;"2022-11-11T23:59:59.999Z"
"2022-11-10T00:00:00.000Z";"2022-11-10T23:59:59.999Z";"2022-11-10T16:48:00.000Z";"2022-11-10T02:57:00.000Z";0.00331207786044;0.00415832472119;0.00306144563807;0.00393735413374;118948398.12;80727885.55;"2022-11-10T23:59:59.999Z"
"2022-11-09T00:00:00.000Z";"2022-11-09T23:59:59.999Z";"2022-11-09T12:08:00.000Z";"2022-11-09T23:38:00.000Z";0.00447900576284;0.00456157034046;0.00328734899151;0.00331477930288;75996022.09;67916559.73;"2022-11-09T23:59:59.999Z"
"2022-11-08T00:00:00.000Z";"2022-11-08T23:59:59.999Z";"2022-11-08T00:01:00.000Z";"2022-11-08T19:35:00.000Z";0.00683198568338;0.00684282140129;0.0043439624618;0.00447922729922;246017037.51;91750968.1;"2022-11-08T23:59:59.999Z"
"2022-11-07T00:00:00.000Z";"2022-11-07T23:59:59.999Z";"2022-11-07T23:59:00.000Z";"2022-11-07T17:04:00.000Z";0.00503348116706;0.00679096563911;0.00491235989697;0.00679096563911;137759541.71;139015655.21;"2022-11-07T23:59:59.999Z"
"2022-11-06T00:00:00.000Z";"2022-11-06T23:59:59.999Z";"2022-11-06T10:58:00.000Z";"2022-11-06T23:41:00.000Z";0.00525898541587;0.00533569532733;0.00502052653099;0.00503361904134;27472217.1;103008609.77;"2022-11-06T23:59:59.999Z"
"2022-11-05T00:00:00.000Z";"2022-11-05T23:59:59.999Z";"2022-11-05T03:16:00.000Z";"2022-11-05T23:11:00.000Z";0.00534754730188;0.00545022171418;0.00520476920867;0.00525945694377;46404180.4;107603156.07;"2022-11-05T23:59:59.999Z"
"2022-11-04T00:00:00.000Z";"2022-11-04T23:59:59.999Z";"2022-11-04T09:53:00.000Z";"2022-11-04T00:12:00.000Z";0.00515032801177;0.00570272776828;0.00513318209277;0.00534740180271;74328177.72;109367333.8;"2022-11-04T23:59:59.999Z"
"2022-11-03T00:00:00.000Z";"2022-11-03T23:59:59.999Z";"2022-11-03T10:18:00.000Z";"2022-11-03T00:01:00.000Z";0.00511266978243;0.00536514515732;0.0051090456976;0.0051524430654;45206249.8;105322943.6;"2022-11-03T23:59:59.999Z"
"2022-11-02T00:00:00.000Z";"2022-11-02T23:59:59.999Z";"2022-11-02T00:56:00.000Z";"2022-11-02T20:28:00.000Z";0.00522307391512;0.00525389302722;0.00496040567031;0.00511433893471;34509985.85;104513283.48;"2022-11-02T23:59:59.999Z"
"2022-11-01T00:00:00.000Z";"2022-11-01T23:59:59.999Z";"2022-11-01T07:31:00.000Z";"2022-11-01T20:11:00.000Z";0.00528364212663;0.0054533579365;0.00521197728923;0.00522324865433;50861431.34;106710795.03;"2022-11-01T23:59:59.999Z"
"2022-10-31T00:00:00.000Z";"2022-10-31T23:59:59.999Z";"2022-10-31T17:55:00.000Z";"2022-10-31T09:07:00.000Z";0.00520142436123;0.00560305184902;0.00510960162447;0.00528505732871;121662504.34;107890206.22;"2022-10-31T23:59:59.999Z"
"2022-10-30T00:00:00.000Z";"2022-10-30T23:59:59.999Z";"2022-10-30T18:15:00.000Z";"2022-10-30T22:30:00.000Z";0.00520035410052;0.00557632136938;0.00512371787349;0.0052008506056;74858244.57;106110161.21;"2022-10-30T23:59:59.999Z"
"2022-10-29T00:00:00.000Z";"2022-10-29T23:59:59.999Z";"2022-10-29T03:17:00.000Z";"2022-10-29T18:38:00.000Z";0.00543048320504;0.00548795003499;0.00513136652893;0.00520021233467;57254298.8;106067823.68;"2022-10-29T23:59:59.999Z"
"2022-10-28T00:00:00.000Z";"2022-10-28T23:59:59.999Z";"2022-10-28T22:08:00.000Z";"2022-10-28T07:56:00.000Z";0.00542369741827;0.00545793118743;0.00522928881171;0.00543138517824;43567311.71;110752642.96;"2022-10-28T23:59:59.999Z"
"2022-10-27T00:00:00.000Z";"2022-10-27T23:59:59.999Z";"2022-10-27T06:33:00.000Z";"2022-10-27T23:17:00.000Z";0.00566996355821;0.00580002214141;0.0054006746664;0.00542327817587;49517012.77;110545929.13;"2022-10-27T23:59:59.999Z"
"2022-10-26T00:00:00.000Z";"2022-10-26T23:59:59.999Z";"2022-10-26T12:08:00.000Z";"2022-10-26T00:01:00.000Z";0.00553479766952;0.00581463742031;0.00553311184074;0.00566906528831;54253261.66;115521467.84;"2022-10-26T23:59:59.999Z"
"2022-10-25T00:00:00.000Z";"2022-10-25T23:59:59.999Z";"2022-10-25T10:08:00.000Z";"2022-10-25T23:37:00.000Z";0.00557848791046;0.00590803444635;0.00553588051117;0.00553605054168;72272115.73;112729743.41;"2022-10-25T23:59:59.999Z"
"2022-10-24T00:00:00.000Z";"2022-10-24T23:59:59.999Z";"2022-10-24T00:01:00.000Z";"2022-10-24T22:17:00.000Z";0.00589854857848;0.00589880229288;0.00555774572007;0.0055777972316;39646361.76;113512266.95;"2022-10-24T23:59:59.999Z"
"2022-10-23T00:00:00.000Z";"2022-10-23T23:59:59.999Z";"2022-10-23T00:02:00.000Z";"2022-10-23T17:29:00.000Z";0.00603027718306;0.00603872461977;0.00572902037666;0.00589856908414;47332040.18;120007791.68;"2022-10-23T23:59:59.999Z"
"2022-10-22T00:00:00.000Z";"2022-10-22T23:59:59.999Z";"2022-10-22T00:00:00.000Z";"2022-10-22T18:14:00.000Z";0.00641194504762;0.00641194504762;0.00598158996289;0.00602723070104;40940455.47;122594692.52;"2022-10-22T23:59:59.999Z"
"2022-10-21T00:00:00.000Z";"2022-10-21T23:59:59.999Z";"2022-10-21T00:00:00.000Z";"2022-10-21T12:22:00.000Z";0.00667348170548;0.00667348170548;0.00631259649715;0.00641233895142;42711891.5;130385675.49;"2022-10-21T23:59:59.999Z"
"2022-10-20T00:00:00.000Z";"2022-10-20T23:59:59.999Z";"2022-10-20T04:58:00.000Z";"2022-10-20T21:11:00.000Z";0.00713695800996;0.00730156300026;0.0065086777291;0.00667550700737;51566036.85;135656892.65;"2022-10-20T23:59:59.999Z"
"2022-10-19T00:00:00.000Z";"2022-10-19T23:59:59.999Z";"2022-10-19T00:02:00.000Z";"2022-10-19T22:52:00.000Z";0.00758875541508;0.00759856873923;0.00710866903169;0.00713875361346;86225029.82;144968676.58;"2022-10-19T23:59:59.999Z"
"2022-10-18T00:00:00.000Z";"2022-10-18T23:59:59.999Z";"2022-10-18T22:35:00.000Z";"2022-10-18T10:38:00.000Z";0.00689754336271;0.00767787375641;0.00669445162877;0.00758766682601;130704605.6;154042489.97;"2022-10-18T23:59:59.999Z"
"2022-10-17T00:00:00.000Z";"2022-10-17T23:59:59.999Z";"2022-10-17T00:28:00.000Z";"2022-10-17T05:44:00.000Z";0.00713996919893;0.00721046571391;0.00679409655527;0.00689242789403;119618404.77;139888459.36;"2022-10-17T23:59:59.999Z"
"2022-10-16T00:00:00.000Z";"2022-10-16T23:59:59.999Z";"2022-10-16T23:02:00.000Z";"2022-10-16T10:16:00.000Z";0.00624950950875;0.0072015202644;0.00609203607371;0.00713624939129;97619076.34;144795398.8;"2022-10-16T23:59:59.999Z"
"2022-10-15T00:00:00.000Z";"2022-10-15T23:59:59.999Z";"2022-10-15T20:19:00.000Z";"2022-10-15T02:34:00.000Z";0.00623803445379;0.00636778665958;0.00609320105302;0.00624981029018;81071659.44;126775992.94;"2022-10-15T23:59:59.999Z"
"2022-10-14T00:00:00.000Z";"2022-10-14T23:59:59.999Z";"2022-10-14T14:44:00.000Z";"2022-10-14T05:11:00.000Z";0.00591805205409;0.00639265715626;0.00583563990817;0.0062373658787;164830524.41;126491868.64;"2022-10-14T23:59:59.999Z"
"2022-10-13T00:00:00.000Z";"2022-10-13T23:59:59.999Z";"2022-10-13T21:13:00.000Z";"2022-10-13T03:05:00.000Z";0.00560687747722;0.00610453569151;0.00532536250995;0.00591748463469;116152038.06;119907967.09;"2022-10-13T23:59:59.999Z"
"2022-10-12T00:00:00.000Z";"2022-10-12T23:59:59.999Z";"2022-10-12T01:53:00.000Z";"2022-10-12T17:40:00.000Z";0.00574531588524;0.00616484555816;0.00554591693798;0.00560788968105;98606154.73;113605085.32;"2022-10-12T23:59:59.999Z"
"2022-10-11T00:00:00.000Z";"2022-10-11T23:59:59.999Z";"2022-10-11T16:03:00.000Z";"2022-10-11T06:05:00.000Z";0.00551237823535;0.00591704321372;0.0054227208238;0.00574869303339;85146739.94;116425725.86;"2022-10-11T23:59:59.999Z"
"2022-10-10T00:00:00.000Z";"2022-10-10T23:59:59.999Z";"2022-10-10T12:43:00.000Z";"2022-10-10T22:25:00.000Z";0.00550058399417;0.00576192981846;0.00544986894338;0.0055117627196;61387162.33;111573324.56;"2022-10-10T23:59:59.999Z"
"2022-10-09T00:00:00.000Z";"2022-10-09T23:59:59.999Z";"2022-10-09T11:50:00.000Z";"2022-10-09T05:44:00.000Z";0.00538063137178;0.00559656437406;0.00535659696322;0.00550079460584;43775399.41;111242007.98;"2022-10-09T23:59:59.999Z"
"2022-10-08T00:00:00.000Z";"2022-10-08T23:59:59.999Z";"2022-10-08T04:47:00.000Z";"2022-10-08T17:08:00.000Z";0.00543698637826;0.00550704513537;0.00530202748393;0.00537986535248;32939574.38;108767151.91;"2022-10-08T23:59:59.999Z"
"2022-10-07T00:00:00.000Z";"2022-10-07T23:59:59.999Z";"2022-10-07T19:31:00.000Z";"2022-10-07T00:56:00.000Z";0.00528604987285;0.00550598596689;0.00522913491563;0.00543491649119;116656046.87;109852254.29;"2022-10-07T23:59:59.999Z"
"2022-10-06T00:00:00.000Z";"2022-10-06T23:59:59.999Z";"2022-10-06T14:13:00.000Z";"2022-10-06T00:42:00.000Z";0.00478252744079;0.00603617268583;0.0047709486153;0.00528310200723;175783959.18;106710995.74;"2022-10-06T23:59:59.999Z"
"2022-10-05T00:00:00.000Z";"2022-10-05T23:59:59.999Z";"2022-10-05T06:52:00.000Z";"2022-10-05T14:37:00.000Z";0.00484728473855;0.00488235083073;0.00472135608242;0.00478478781087;23354469.99;96606872.79;"2022-10-05T23:59:59.999Z"
"2022-10-04T00:00:00.000Z";"2022-10-04T23:59:59.999Z";"2022-10-04T07:23:00.000Z";"2022-10-04T01:08:00.000Z";0.00485808494979;0.00491196180028;0.00481757315745;0.00484770393149;28127244.44;97849590.73;"2022-10-04T23:59:59.999Z"
"2022-10-03T00:00:00.000Z";"2022-10-03T23:59:59.999Z";"2022-10-03T17:11:00.000Z";"2022-10-03T00:06:00.000Z";0.00477749888551;0.00487811480317;0.00472560772085;0.0048585277332;28538586.33;98043362.17;"2022-10-03T23:59:59.999Z"
"2022-10-02T00:00:00.000Z";"2022-10-02T23:59:59.999Z";"2022-10-02T00:14:00.000Z";"2022-10-02T23:44:00.000Z";0.00516404314902;0.0051878521079;0.00477256641963;0.0047749939544;53565714.62;96306206.4;"2022-10-02T23:59:59.999Z"
"2022-10-01T00:00:00.000Z";"2022-10-01T23:59:59.999Z";"2022-10-01T07:41:00.000Z";"2022-10-01T02:40:00.000Z";0.00515586136725;0.00537544769188;0.00513210598433;0.00516381844495;68068327.47;104121548.54;"2022-10-01T23:59:59.999Z"
"2022-09-30T00:00:00.000Z";"2022-09-30T23:59:59.999Z";"2022-09-30T06:26:00.000Z";"2022-09-30T02:43:00.000Z";0.00519952838377;0.00523091232947;0.00506554162725;0.00515448406926;51422699.18;103906828.32;"2022-09-30T23:59:59.999Z"
"2022-09-29T00:00:00.000Z";"2022-09-29T23:59:59.999Z";"2022-09-29T00:14:00.000Z";"2022-09-29T23:59:00.000Z";0.00556674276318;0.00558727415611;0.00519888073397;0.00519888073397;73442698.2;104757871.88;"2022-09-29T23:59:59.999Z"
"2022-09-28T00:00:00.000Z";"2022-09-28T23:59:59.999Z";"2022-09-28T14:54:00.000Z";"2022-09-28T00:03:00.000Z";0.00502049117492;0.00628119301062;0.00502014780571;0.00556760047057;163445328.85;112111378.53;"2022-09-28T23:59:59.999Z"
"2022-09-27T00:00:00.000Z";"2022-09-27T23:59:59.999Z";"2022-09-27T06:28:00.000Z";"2022-09-27T16:55:00.000Z";0.00506261877204;0.00536749262669;0.00493637231407;0.00502156557458;36338804.22;101089347.9;"2022-09-27T23:59:59.999Z"
"2022-09-26T00:00:00.000Z";"2022-09-26T23:59:59.999Z";"2022-09-26T07:23:00.000Z";"2022-09-26T11:44:00.000Z";0.00508882138112;0.005222116811;0.0049527096505;0.00506325936438;31029009.19;101895162.41;"2022-09-26T23:59:59.999Z"
"2022-09-25T00:00:00.000Z";"2022-09-25T23:59:59.999Z";"2022-09-25T08:09:00.000Z";"2022-09-25T23:52:00.000Z";0.00551511454177;0.00563002327803;0.00507679873371;0.0050883796869;90416084.56;102349068.54;"2022-09-25T23:59:59.999Z"
"2022-09-24T00:00:00.000Z";"2022-09-24T23:59:59.999Z";"2022-09-24T19:25:00.000Z";"2022-09-24T17:02:00.000Z";0.00484275947556;0.00585631014621;0.00478802597775;0.00551373411151;139575810.99;110874898.6;"2022-09-24T23:59:59.999Z"
"2022-09-23T00:00:00.000Z";"2022-09-23T23:59:59.999Z";"2022-09-23T06:41:00.000Z";"2022-09-23T14:05:00.000Z";0.00499105718921;0.00505496142628;0.00465953833783;0.0048424181808;32772257.11;97305212.24;"2022-09-23T23:59:59.999Z"
"2022-09-22T00:00:00.000Z";"2022-09-22T23:59:59.999Z";"2022-09-22T15:58:00.000Z";"2022-09-22T03:58:00.000Z";0.00485714434276;0.0050406623608;0.00469809472335;0.00498764281829;54401399.26;100181122.01;"2022-09-22T23:59:59.999Z"
"2022-09-21T00:00:00.000Z";"2022-09-21T23:59:59.999Z";"2022-09-21T19:23:00.000Z";"2022-09-21T06:40:00.000Z";0.00455266360113;0.00521129181861;0.00453397942807;0.00485864535946;105868024.91;97564062.7;"2022-09-21T23:59:59.999Z"
"2022-09-20T00:00:00.000Z";"2022-09-20T23:59:59.999Z";"2022-09-20T00:19:00.000Z";"2022-09-20T18:01:00.000Z";0.00480797655105;0.00481980457218;0.00441158318094;0.00455284636004;48263538.96;91398912.65;"2022-09-20T23:59:59.999Z"
"2022-09-19T00:00:00.000Z";"2022-09-19T23:59:59.999Z";"2022-09-19T03:53:00.000Z";"2022-09-19T12:43:00.000Z";0.00503020428142;0.00518933524464;0.00475812110265;0.00480976359831;51095096.17;96508727.82;"2022-09-19T23:59:59.999Z"
"2022-09-18T00:00:00.000Z";"2022-09-18T23:59:59.999Z";"2022-09-18T11:12:00.000Z";"2022-09-18T23:57:00.000Z";0.00558150732894;0.00569374988144;0.00502099889177;0.00502512191464;71509982.04;100730329.06;"2022-09-18T23:59:59.999Z"
"2022-09-17T00:00:00.000Z";"2022-09-17T23:59:59.999Z";"2022-09-17T13:57:00.000Z";"2022-09-17T00:02:00.000Z";0.00509756415679;0.00581303684757;0.00507666126105;0.00558054221552;116003588.17;111833677.16;"2022-09-17T23:59:59.999Z"
"2022-09-16T00:00:00.000Z";"2022-09-16T23:59:59.999Z";"2022-09-16T08:28:00.000Z";"2022-09-16T00:00:00.000Z";0.0047364026857;0.00511977884313;0.0047364026857;0.00509735353857;71986828.21;102085092.13;"2022-09-16T23:59:59.999Z"
"2022-09-15T00:00:00.000Z";"2022-09-15T23:59:59.999Z";"2022-09-15T00:49:00.000Z";"2022-09-15T15:17:00.000Z";0.00523453734977;0.0054199987834;0.00466026086485;0.00473425793466;76173756.72;94786019.63;"2022-09-15T23:59:59.999Z"
"2022-09-14T00:00:00.000Z";"2022-09-14T23:59:59.999Z";"2022-09-14T09:59:00.000Z";"2022-09-14T02:11:00.000Z";0.00569443816073;0.00615735985441;0.00486877090644;0.00522959553913;234346710;104666504.57;"2022-09-14T23:59:59.999Z"
"2022-09-13T00:00:00.000Z";"2022-09-13T23:59:59.999Z";"2022-09-13T17:56:00.000Z";"2022-09-13T09:49:00.000Z";0.00529665499238;0.00621662960947;0.00465779332803;0.00502181716676;334116677.38;100476322;"2022-09-13T23:59:59.999Z"
"2022-09-12T00:00:00.000Z";"2022-09-12T23:59:59.999Z";"2022-09-12T15:28:00.000Z";"2022-09-12T01:10:00.000Z";0.00384542179297;0.00578683775058;0.00378662788326;0.00529831733416;203534699.52;105980079.23;"2022-09-12T23:59:59.999Z"
"2022-09-11T00:00:00.000Z";"2022-09-11T23:59:59.999Z";"2022-09-11T16:16:00.000Z";"2022-09-11T21:58:00.000Z";0.00387531162389;0.00392877924038;0.00377997674239;0.00384555043149;14074358.56;76889828.67;"2022-09-11T23:59:59.999Z"
"2022-09-10T00:00:00.000Z";"2022-09-10T23:59:59.999Z";"2022-09-10T06:43:00.000Z";"2022-09-10T04:56:00.000Z";0.00388869552004;0.00394198366145;0.00383882635014;0.00387556255493;18195012.21;77468967.05;"2022-09-10T23:59:59.999Z"
"2022-09-09T00:00:00.000Z";"2022-09-09T23:59:59.999Z";"2022-09-09T23:22:00.000Z";"2022-09-09T00:08:00.000Z";0.00361150120207;0.00391125957516;0.00360984213778;0.00388940866198;15789982.43;77736660.28;"2022-09-09T23:59:59.999Z"
"2022-09-08T00:00:00.000Z";"2022-09-08T23:59:59.999Z";"2022-09-08T20:14:00.000Z";"2022-09-08T13:32:00.000Z";0.00359449399113;0.00362232185999;0.00350025028078;0.00361129217529;11879111.77;72168809.18;"2022-09-08T23:59:59.999Z"
"2022-09-07T00:00:00.000Z";"2022-09-07T23:59:59.999Z";"2022-09-07T21:05:00.000Z";"2022-09-07T02:41:00.000Z";0.00344974535175;0.00362992970648;0.00339999283452;0.00359440160594;11211212.15;71821612.82;"2022-09-07T23:59:59.999Z"
"2022-09-06T00:00:00.000Z";"2022-09-06T23:59:59.999Z";"2022-09-06T15:40:00.000Z";"2022-09-06T23:58:00.000Z";0.00373355512242;0.0037864663346;0.00344949782281;0.0034510378975;18627075.81;68948974.04;"2022-09-06T23:59:59.999Z"
"2022-09-05T00:00:00.000Z";"2022-09-05T23:59:59.999Z";"2022-09-05T01:16:00.000Z";"2022-09-05T13:32:00.000Z";0.00381592327345;0.00385935654254;0.00367462824779;0.00373369389128;13228794.69;74584069.88;"2022-09-05T23:59:59.999Z"
"2022-09-04T00:00:00.000Z";"2022-09-04T23:59:59.999Z";"2022-09-04T12:05:00.000Z";"2022-09-04T08:05:00.000Z";0.00377123965059;0.003827028735;0.00375076885741;0.00381619520893;5755988.07;76215607.28;"2022-09-04T23:59:59.999Z"
"2022-09-03T00:00:00.000Z";"2022-09-03T23:59:59.999Z";"2022-09-03T01:55:00.000Z";"2022-09-03T07:55:00.000Z";0.00374971483734;0.00379263892805;0.00370105135636;0.00377071990149;9202498.39;75297902.01;"2022-09-03T23:59:59.999Z"
"2022-09-02T00:00:00.000Z";"2022-09-02T23:59:59.999Z";"2022-09-02T15:06:00.000Z";"2022-09-02T02:41:00.000Z";0.00373402592882;0.00382459816205;0.00368808576294;0.00374795702008;11248663.41;74834068.7;"2022-09-02T23:59:59.999Z"
"2022-09-01T00:00:00.000Z";"2022-09-01T23:59:59.999Z";"2022-09-01T22:18:00.000Z";"2022-09-01T14:58:00.000Z";0.00369929290645;0.00374015490011;0.0036136930034;0.00373367534678;12095360.48;74535321.4;"2022-09-01T23:59:59.999Z"
"2022-08-31T00:00:00.000Z";"2022-08-31T23:59:59.999Z";"2022-08-31T03:42:00.000Z";"2022-08-31T17:54:00.000Z";0.00371518019954;0.00380437182929;0.0036912326043;0.00369951990027;13080341.39;73844728.34;"2022-08-31T23:59:59.999Z"
"2022-08-30T00:00:00.000Z";"2022-08-30T23:59:59.999Z";"2022-08-30T05:35:00.000Z";"2022-08-30T17:24:00.000Z";0.00374072999282;0.00391362636216;0.00367640467513;0.00371578510509;14513511.4;74152721.38;"2022-08-30T23:59:59.999Z"
"2022-08-29T00:00:00.000Z";"2022-08-29T23:59:59.999Z";"2022-08-29T23:48:00.000Z";"2022-08-29T01:36:00.000Z";0.00348579359639;0.00374930998864;0.00346060347115;0.00374399915685;9878022.66;74693031.6;"2022-08-29T23:59:59.999Z"
"2022-08-28T00:00:00.000Z";"2022-08-28T23:59:59.999Z";"2022-08-28T16:29:00.000Z";"2022-08-28T23:58:00.000Z";0.00363976697494;0.00367406941189;0.00348408832547;0.00348634013643;7627734.92;69543316.67;"2022-08-28T23:59:59.999Z"
"2022-08-27T00:00:00.000Z";"2022-08-27T23:59:59.999Z";"2022-08-27T08:19:00.000Z";"2022-08-27T05:46:00.000Z";0.00362111557709;0.00369611107486;0.00358415180398;0.00363968930432;9561273.14;72594387.44;"2022-08-27T23:59:59.999Z"
"2022-08-26T00:00:00.000Z";"2022-08-26T23:59:59.999Z";"2022-08-26T03:39:00.000Z";"2022-08-26T23:53:00.000Z";0.00392525394244;0.00392686566358;0.00359413320545;0.00362124463414;14319246.05;72216674.77;"2022-08-26T23:59:59.999Z"
"2022-08-25T00:00:00.000Z";"2022-08-25T23:59:59.999Z";"2022-08-25T06:24:00.000Z";"2022-08-25T16:53:00.000Z";0.00387656992041;0.00400836149217;0.0038726846364;0.00392479180785;12169137.47;78218733.87;"2022-08-25T23:59:59.999Z"
"2022-08-24T00:00:00.000Z";"2022-08-24T23:59:59.999Z";"2022-08-24T20:55:00.000Z";"2022-08-24T01:58:00.000Z";0.00389083114258;0.0039769156515;0.00381162422814;0.00387571931532;11728949.35;77230979.08;"2022-08-24T23:59:59.999Z"
"2022-08-23T00:00:00.000Z";"2022-08-23T23:59:59.999Z";"2022-08-23T23:29:00.000Z";"2022-08-23T06:13:00.000Z";0.00379323911187;0.00391303556813;0.00370786423499;0.00389058693345;8640043.77;77518804.61;"2022-08-23T23:59:59.999Z"
"2022-08-22T00:00:00.000Z";"2022-08-22T23:59:59.999Z";"2022-08-22T00:02:00.000Z";"2022-08-22T08:38:00.000Z";0.00398116031538;0.00398378738501;0.00370367494946;0.00379374096682;10362441.19;75580405.71;"2022-08-22T23:59:59.999Z"
"2022-08-21T00:00:00.000Z";"2022-08-21T23:59:59.999Z";"2022-08-21T11:25:00.000Z";"2022-08-21T04:23:00.000Z";0.00372353538315;0.00448775989244;0.00369932058804;0.00397791331884;34817481.71;79239825.24;"2022-08-21T23:59:59.999Z"
"2022-08-20T00:00:00.000Z";"2022-08-20T23:59:59.999Z";"2022-08-20T07:43:00.000Z";"2022-08-20T19:41:00.000Z";0.00371708311686;0.0038148613388;0.00363091479594;0.00372451237264;8817313.8;74162377.08;"2022-08-20T23:59:59.999Z"
"2022-08-19T00:00:00.000Z";"2022-08-19T23:59:59.999Z";"2022-08-19T00:00:00.000Z";"2022-08-19T11:43:00.000Z";0.00399404904521;0.00399404904521;0.00367332222753;0.00371758950191;10793857.77;74015509.16;"2022-08-19T23:59:59.999Z"
"2022-08-18T00:00:00.000Z";"2022-08-18T23:59:59.999Z";"2022-08-18T12:37:00.000Z";"2022-08-18T23:22:00.000Z";0.0041763108587;0.00427231841526;0.00399078375037;0.00399482651252;10271268.66;79526046.47;"2022-08-18T23:59:59.999Z"
"2022-08-17T00:00:00.000Z";"2022-08-17T23:59:59.999Z";"2022-08-17T06:24:00.000Z";"2022-08-17T23:31:00.000Z";0.004405078664;0.00453593480182;0.00416346244248;0.00417484265044;11324804.69;83099471.08;"2022-08-17T23:59:59.999Z"
"2022-08-16T00:00:00.000Z";"2022-08-16T23:59:59.999Z";"2022-08-16T01:36:00.000Z";"2022-08-16T05:50:00.000Z";0.0044568993466;0.00448555278287;0.00435570357845;0.00440636929252;10490077.21;87697258.18;"2022-08-16T23:59:59.999Z"
"2022-08-15T00:00:00.000Z";"2022-08-15T23:59:59.999Z";"2022-08-15T03:19:00.000Z";"2022-08-15T23:16:00.000Z";0.00451985403608;0.00463739025381;0.00440538039489;0.00446043143458;10413253.7;88730238.1;"2022-08-15T23:59:59.999Z"
"2022-08-14T00:00:00.000Z";"2022-08-14T23:59:59.999Z";"2022-08-14T07:07:00.000Z";"2022-08-14T17:04:00.000Z";0.00464344257707;0.00471375100287;0.00449183567295;0.00451937476743;11612457.62;89875658.49;"2022-08-14T23:59:59.999Z"
"2022-08-13T00:00:00.000Z";"2022-08-13T23:59:59.999Z";"2022-08-13T02:46:00.000Z";"2022-08-13T20:09:00.000Z";0.00467594427585;0.00473731106459;0.00462755700835;0.00464181343192;11187802.81;92299330.6;"2022-08-13T23:59:59.999Z"
"2022-08-12T00:00:00.000Z";"2022-08-12T23:59:59.999Z";"2022-08-12T09:32:00.000Z";"2022-08-12T00:19:00.000Z";0.00457572112784;0.00468980828914;0.00451320863491;0.00467593916418;13623710.24;92949249.22;"2022-08-12T23:59:59.999Z"
"2022-08-11T00:00:00.000Z";"2022-08-11T23:59:59.999Z";"2022-08-11T15:38:00.000Z";"2022-08-11T02:19:00.000Z";0.00453096843601;0.00479295662413;0.00451978309275;0.00457560714562;14632794.83;90911585.84;"2022-08-11T23:59:59.999Z"
"2022-08-10T00:00:00.000Z";"2022-08-10T23:59:59.999Z";"2022-08-10T22:16:00.000Z";"2022-08-10T02:42:00.000Z";0.00437231990501;0.00453846712352;0.00423328066519;0.0045286672387;9671979.78;89956636.59;"2022-08-10T23:59:59.999Z"
"2022-08-09T00:00:00.000Z";"2022-08-09T23:59:59.999Z";"2022-08-09T03:44:00.000Z";"2022-08-09T18:30:00.000Z";0.00461680971294;0.00466857453496;0.004323250931;0.00437351304634;15503298.09;86860027.95;"2022-08-09T23:59:59.999Z"
"2022-08-08T00:00:00.000Z";"2022-08-08T23:59:59.999Z";"2022-08-08T14:01:00.000Z";"2022-08-08T01:56:00.000Z";0.00435246187327;0.00486456707013;0.00433600864707;0.00461681251104;29788940.54;91662012.38;"2022-08-08T23:59:59.999Z"
"2022-08-07T00:00:00.000Z";"2022-08-07T23:59:59.999Z";"2022-08-07T21:10:00.000Z";"2022-08-07T01:02:00.000Z";0.00434589125537;0.00443105880387;0.00427959271183;0.00435217685903;8166527.03;86392330.57;"2022-08-07T23:59:59.999Z"
"2022-08-06T00:00:00.000Z";"2022-08-06T23:59:59.999Z";"2022-08-06T08:25:00.000Z";"2022-08-06T23:26:00.000Z";0.00445141696937;0.00449967903097;0.00432979089521;0.00434331851654;11561566.96;86193150.29;"2022-08-06T23:59:59.999Z"
"2022-08-05T00:00:00.000Z";"2022-08-05T23:59:59.999Z";"2022-08-05T23:07:00.000Z";"2022-08-05T01:04:00.000Z";0.00419499577391;0.00445388430328;0.00415751143685;0.00444915242895;12762065.1;88276644.12;"2022-08-05T23:59:59.999Z"
"2022-08-04T00:00:00.000Z";"2022-08-04T23:59:59.999Z";"2022-08-04T14:07:00.000Z";"2022-08-04T16:57:00.000Z";0.00410675564783;0.0042081166175;0.00407450252783;0.00419562036779;7173699.15;83232195.17;"2022-08-04T23:59:59.999Z"
"2022-08-03T00:00:00.000Z";"2022-08-03T23:59:59.999Z";"2022-08-03T12:22:00.000Z";"2022-08-03T01:17:00.000Z";0.00409163257372;0.0042509607748;0.00398442786803;0.00410710074437;8998232.45;81455076.71;"2022-08-03T23:59:59.999Z"
"2022-08-02T00:00:00.000Z";"2022-08-02T23:59:59.999Z";"2022-08-02T00:19:00.000Z";"2022-08-02T09:46:00.000Z";0.00427837891654;0.00429769456113;0.00398238885062;0.00409182465399;10884916.3;81142123.02;"2022-08-02T23:59:59.999Z"
"2022-08-01T00:00:00.000Z";"2022-08-01T23:59:59.999Z";"2022-08-01T02:07:00.000Z";"2022-08-01T18:51:00.000Z";0.00422964151912;0.00438450918113;0.00417605812513;0.00427746525672;11867449.99;84793048.4;"2022-08-01T23:59:59.999Z"
"2022-07-31T00:00:00.000Z";"2022-07-31T23:59:59.999Z";"2022-07-31T18:28:00.000Z";"2022-07-31T23:31:00.000Z";0.0042531874962;0.00446044271842;0.00418466621808;0.00423012464853;14259478.55;83799066.69;"2022-07-31T23:59:59.999Z"
"2022-07-30T00:00:00.000Z";"2022-07-30T23:59:59.999Z";"2022-07-30T16:43:00.000Z";"2022-07-30T04:45:00.000Z";0.00423439781978;0.00455309940862;0.0041999477852;0.00425432867597;15207455.82;84206200.12;"2022-07-30T23:59:59.999Z"
"2022-07-29T00:00:00.000Z";"2022-07-29T23:59:59.999Z";"2022-07-29T23:31:00.000Z";"2022-07-29T12:46:00.000Z";0.00414446560267;0.0043227943264;0.00406497709779;0.00423533440613;16072621.75;83819962.5;"2022-07-29T23:59:59.999Z"
"2022-07-28T00:00:00.000Z";"2022-07-28T23:59:59.999Z";"2022-07-28T20:37:00.000Z";"2022-07-28T00:31:00.000Z";0.0039117035209;0.0042226965272;0.00387555385727;0.00414310635137;14517915.68;81973371.06;"2022-07-28T23:59:59.999Z"
"2022-07-27T00:00:00.000Z";"2022-07-27T23:59:59.999Z";"2022-07-27T23:59:00.000Z";"2022-07-27T17:13:00.000Z";0.00371722984094;0.00390928065347;0.00362185112948;0.00390928065347;10427111.46;77339120.04;"2022-07-27T23:59:59.999Z"
"2022-07-26T00:00:00.000Z";"2022-07-26T23:59:59.999Z";"2022-07-26T23:59:00.000Z";"2022-07-26T19:46:00.000Z";0.003677265492;0.00371795384277;0.00356386346825;0.00371795384277;8953645.14;73541019.92;"2022-07-26T23:59:59.999Z"
"2022-07-25T00:00:00.000Z";"2022-07-25T23:59:59.999Z";"2022-07-25T00:19:00.000Z";"2022-07-25T23:59:00.000Z";0.0039896625379;0.00400624448747;0.00367746097014;0.00367746097014;14858830.86;72734481.87;"2022-07-25T23:59:59.999Z"
"2022-07-24T00:00:00.000Z";"2022-07-24T23:59:59.999Z";"2022-07-24T09:37:00.000Z";"2022-07-24T04:01:00.000Z";0.00403011504966;0.0041710084028;0.00398148108289;0.00399000618113;11558827.32;78848394.55;"2022-07-24T23:59:59.999Z"
"2022-07-23T00:00:00.000Z";"2022-07-23T23:59:59.999Z";"2022-07-23T05:22:00.000Z";"2022-07-23T19:19:00.000Z";0.00407595078644;0.0042026181556;0.00391659132732;0.00403300862717;10165989.85;79692951.94;"2022-07-23T23:59:59.999Z"
"2022-07-22T00:00:00.000Z";"2022-07-22T23:59:59.999Z";"2022-07-22T00:49:00.000Z";"2022-07-22T20:43:00.000Z";0.00430780713539;0.00434412832222;0.00401933180905;0.00407703166417;11415715.8;80557644.25;"2022-07-22T23:59:59.999Z"
"2022-07-21T00:00:00.000Z";"2022-07-21T23:59:59.999Z";"2022-07-21T23:29:00.000Z";"2022-07-21T03:04:00.000Z";0.00412893385522;0.00433902480361;0.00404075398634;0.00430749144673;19016723.93;85080488.44;"2022-07-21T23:59:59.999Z"
"2022-07-20T00:00:00.000Z";"2022-07-20T23:59:59.999Z";"2022-07-20T04:54:00.000Z";"2022-07-20T00:00:00.000Z";0.00401813395267;0.0045500656419;0.00401813395267;0.00412875287794;48394613.64;81533601.49;"2022-07-20T23:59:59.999Z"
"2022-07-19T00:00:00.000Z";"2022-07-19T23:59:59.999Z";"2022-07-19T23:13:00.000Z";"2022-07-19T04:19:00.000Z";0.00383034453427;0.00404762260797;0.0037065296733;0.00401751476578;19334849.68;79332688.26;"2022-07-19T23:59:59.999Z"
"2022-07-18T00:00:00.000Z";"2022-07-18T23:59:59.999Z";"2022-07-18T16:01:00.000Z";"2022-07-18T00:02:00.000Z";0.00354162254846;0.0038640065072;0.00353772611947;0.00383024012252;14520758.85;75622512.1;"2022-07-18T23:59:59.999Z"
"2022-07-17T00:00:00.000Z";"2022-07-17T23:59:59.999Z";"2022-07-17T07:13:00.000Z";"2022-07-17T23:58:00.000Z";0.00364281637236;0.00372482104873;0.00354078786336;0.00354166369226;7352584.22;69903596.25;"2022-07-17T23:59:59.999Z"
"2022-07-16T00:00:00.000Z";"2022-07-16T23:59:59.999Z";"2022-07-16T17:27:00.000Z";"2022-07-16T07:57:00.000Z";0.0035648788467;0.00368724316137;0.00347390662583;0.00363967782783;7870474.87;71833437.3;"2022-07-16T23:59:59.999Z"
"2022-07-15T00:00:00.000Z";"2022-07-15T23:59:59.999Z";"2022-07-15T09:32:00.000Z";"2022-07-15T00:44:00.000Z";0.00346727719818;0.00363750740816;0.00343625582905;0.00356523495082;10265777.92;70359777.37;"2022-07-15T23:59:59.999Z"
"2022-07-14T00:00:00.000Z";"2022-07-14T23:59:59.999Z";"2022-07-14T03:40:00.000Z";"2022-07-14T00:58:00.000Z";0.00332252129692;0.00347916759298;0.00330061964362;0.00346710570161;9507074.51;68408303.74;"2022-07-14T23:59:59.999Z"
"2022-07-13T00:00:00.000Z";"2022-07-13T23:59:59.999Z";"2022-07-13T23:58:00.000Z";"2022-07-13T13:34:00.000Z";0.00315026705682;0.00332306229366;0.00310194989595;0.00332288715006;7736958.95;65520400.23;"2022-07-13T23:59:59.999Z"
"2022-07-12T00:00:00.000Z";"2022-07-12T23:59:59.999Z";"2022-07-12T16:46:00.000Z";"2022-07-12T23:56:00.000Z";0.00320529511263;0.00327806194455;0.00314782069619;0.00315053256201;5297875.89;62117988;"2022-07-12T23:59:59.999Z"
"2022-07-11T00:00:00.000Z";"2022-07-11T23:59:59.999Z";"2022-07-11T00:01:00.000Z";"2022-07-11T23:08:00.000Z";0.00346299561039;0.00346632598868;0.00319440070359;0.00320523806267;5897318.34;63192582.94;"2022-07-11T23:59:59.999Z"
"2022-07-10T00:00:00.000Z";"2022-07-10T23:59:59.999Z";"2022-07-10T00:00:00.000Z";"2022-07-10T15:04:00.000Z";0.00361314978507;0.00361314978507;0.00342453543476;0.00346260386676;5739266.61;68235228.62;"2022-07-10T23:59:59.999Z"
"2022-07-09T00:00:00.000Z";"2022-07-09T23:59:59.999Z";"2022-07-09T11:27:00.000Z";"2022-07-09T00:00:00.000Z";0.00353489681943;0.00365715179555;0.00353489681943;0.00361319717321;6162504.92;71194410.67;"2022-07-09T23:59:59.999Z"
"2022-07-08T00:00:00.000Z";"2022-07-08T23:59:59.999Z";"2022-07-08T01:32:00.000Z";"2022-07-08T14:04:00.000Z";0.00366111167975;0.00375472764187;0.00350219312027;0.00353539960489;10315045.14;69656926.47;"2022-07-08T23:59:59.999Z"
"2022-07-07T00:00:00.000Z";"2022-07-07T23:59:59.999Z";"2022-07-07T23:52:00.000Z";"2022-07-07T06:53:00.000Z";0.00346643733931;0.00366710582146;0.00343062026787;0.00366069363321;9590662.8;72082972.75;"2022-07-07T23:59:59.999Z"
"2022-07-06T00:00:00.000Z";"2022-07-06T23:59:59.999Z";"2022-07-06T23:19:00.000Z";"2022-07-06T03:16:00.000Z";0.00340162601038;0.00349711967611;0.00334593077705;0.00346631705793;8101122.57;68250327.5;"2022-07-06T23:59:59.999Z"
"2022-07-05T00:00:00.000Z";"2022-07-05T23:59:59.999Z";"2022-07-05T06:20:00.000Z";"2022-07-05T13:02:00.000Z";0.00349579931862;0.00352017598013;0.00329624974263;0.00340139645273;8947237.66;66958420.5;"2022-07-05T23:59:59.999Z"
"2022-07-04T00:00:00.000Z";"2022-07-04T23:59:59.999Z";"2022-07-04T23:53:00.000Z";"2022-07-04T03:22:00.000Z";0.00337210073362;0.00350177090148;0.00330178212205;0.00349711225492;7546227.52;68801990.04;"2022-07-04T23:59:59.999Z"
"2022-07-03T00:00:00.000Z";"2022-07-03T23:59:59.999Z";"2022-07-03T20:07:00.000Z";"2022-07-03T04:58:00.000Z";0.00332633114129;0.00339778989336;0.00327411248748;0.00337230827363;5237958.05;66336243.81;"2022-07-03T23:59:59.999Z"
"2022-07-02T00:00:00.000Z";"2022-07-02T23:59:59.999Z";"2022-07-02T22:09:00.000Z";"2022-07-02T03:44:00.000Z";0.00327434061492;0.00335808639602;0.00322452312782;0.00332633126354;4946562.08;65428275.04;"2022-07-02T23:59:59.999Z"
"2022-07-01T00:00:00.000Z";"2022-07-01T23:59:59.999Z";"2022-07-01T00:34:00.000Z";"2022-07-01T05:43:00.000Z";0.00334715774899;0.00342057195859;0.00323348845899;0.00327297276785;8072777.56;64367818.08;"2022-07-01T23:59:59.999Z"
"2022-06-30T00:00:00.000Z";"2022-06-30T23:59:59.999Z";"2022-06-30T00:16:00.000Z";"2022-06-30T13:46:00.000Z";0.00342464976014;0.00343855663733;0.00318279111429;0.00334511862433;9468932.39;65775383.65;"2022-06-30T23:59:59.999Z"
"2022-06-29T00:00:00.000Z";"2022-06-29T23:59:59.999Z";"2022-06-29T03:13:00.000Z";"2022-06-29T17:21:00.000Z";0.00352414374122;0.00359029118684;0.00338982789552;0.00342352503162;11812646.23;67293688.98;"2022-06-29T23:59:59.999Z"
"2022-06-28T00:00:00.000Z";"2022-06-28T23:59:59.999Z";"2022-06-28T13:57:00.000Z";"2022-06-28T23:40:00.000Z";0.00370791473176;0.00375575412753;0.00351228739373;0.00352452189582;9949934.97;69274675.18;"2022-06-28T23:59:59.999Z"
"2022-06-27T00:00:00.000Z";"2022-06-27T23:59:59.999Z";"2022-06-27T09:04:00.000Z";"2022-06-27T00:04:00.000Z";0.0036600914953;0.00385620283364;0.00365976653048;0.00370797573364;10079920.13;72866014.29;"2022-06-27T23:59:59.999Z"
"2022-06-26T00:00:00.000Z";"2022-06-26T23:59:59.999Z";"2022-06-26T06:56:00.000Z";"2022-06-26T23:58:00.000Z";0.00384427982158;0.00402327025647;0.00365861075573;0.00365886583798;13771527.91;71857479.69;"2022-06-26T23:59:59.999Z"
"2022-06-25T00:00:00.000Z";"2022-06-25T23:59:59.999Z";"2022-06-25T08:07:00.000Z";"2022-06-25T13:08:00.000Z";0.00377340758524;0.00386501259393;0.00361929897518;0.00384403438657;11005498.46;75478183.51;"2022-06-25T23:59:59.999Z"
"2022-06-24T00:00:00.000Z";"2022-06-24T23:59:59.999Z";"2022-06-24T22:21:00.000Z";"2022-06-24T00:02:00.000Z";0.00355815304169;0.00383248469615;0.00355581679216;0.00377355807506;13976782.52;74087481.35;"2022-06-24T23:59:59.999Z"
"2022-06-23T00:00:00.000Z";"2022-06-23T23:59:59.999Z";"2022-06-23T07:16:00.000Z";"2022-06-23T00:01:00.000Z";0.00339229207079;0.0035937915138;0.00339017793129;0.00355990763482;8916547.09;69887854.98;"2022-06-23T23:59:59.999Z"
"2022-06-22T00:00:00.000Z";"2022-06-22T23:59:59.999Z";"2022-06-22T14:33:00.000Z";"2022-06-22T08:07:00.000Z";0.00352873334222;0.00354277030769;0.00335695030234;0.00339240503158;10784314.43;66586235;"2022-06-22T23:59:59.999Z"
"2022-06-21T00:00:00.000Z";"2022-06-21T23:59:59.999Z";"2022-06-21T08:34:00.000Z";"2022-06-21T00:39:00.000Z";0.00338283717754;0.00382829127075;0.00332902136503;0.00352719830697;21739502.85;69191909.21;"2022-06-21T23:59:59.999Z"
"2022-06-20T00:00:00.000Z";"2022-06-20T23:59:59.999Z";"2022-06-20T15:05:00.000Z";"2022-06-20T02:31:00.000Z";0.00333455324109;0.00343700366438;0.00318695336719;0.00338242747279;10759564.99;66342361.88;"2022-06-20T23:59:59.999Z"
"2022-06-19T00:00:00.000Z";"2022-06-19T23:59:59.999Z";"2022-06-19T20:49:00.000Z";"2022-06-19T02:34:00.000Z";0.00313659131513;0.00337605803192;0.00303493958548;0.00333262090436;11207010.8;65315636.38;"2022-06-19T23:59:59.999Z"
"2022-06-18T00:00:00.000Z";"2022-06-18T23:59:59.999Z";"2022-06-18T00:35:00.000Z";"2022-06-18T20:13:00.000Z";0.00337849323762;0.00342835452853;0.00299139512262;0.00313537737636;13055390.02;61443280.21;"2022-06-18T23:59:59.999Z"
"2022-06-17T00:00:00.000Z";"2022-06-17T23:59:59.999Z";"2022-06-17T07:38:00.000Z";"2022-06-17T00:43:00.000Z";0.00326742730751;0.00349998171964;0.00326346078564;0.00337854928804;11701996.58;66201359.55;"2022-06-17T23:59:59.999Z"
"2022-06-16T00:00:00.000Z";"2022-06-16T23:59:59.999Z";"2022-06-16T00:14:00.000Z";"2022-06-16T23:28:00.000Z";0.00397163014027;0.00411139530943;0.00324608525947;0.00326793340637;21977091.61;64003079.66;"2022-06-16T23:59:59.999Z"
"2022-06-15T00:00:00.000Z";"2022-06-15T23:59:59.999Z";"2022-06-15T23:02:00.000Z";"2022-06-15T09:31:00.000Z";0.00332684170472;0.00403555523029;0.00305038416863;0.0039707483386;21788864.12;77730920.6;"2022-06-15T23:59:59.999Z"
"2022-06-14T00:00:00.000Z";"2022-06-14T23:59:59.999Z";"2022-06-14T08:01:00.000Z";"2022-06-14T02:07:00.000Z";0.00310386173448;0.00337901435535;0.00296879984076;0.00332607245861;15750053.98;65102715.31;"2022-06-14T23:59:59.999Z"
"2022-06-13T00:00:00.000Z";"2022-06-13T23:59:59.999Z";"2022-06-13T00:00:00.000Z";"2022-06-13T23:19:00.000Z";0.0034592564795;0.0034592564795;0.00303986965445;0.00310273085133;19481231.95;60697457.06;"2022-06-13T23:59:59.999Z"
"2022-06-12T00:00:00.000Z";"2022-06-12T23:59:59.999Z";"2022-06-12T00:24:00.000Z";"2022-06-12T05:31:00.000Z";0.00368722280128;0.00372058763172;0.00336838710501;0.00346097728133;12362542.96;67668976.26;"2022-06-12T23:59:59.999Z"
"2022-06-11T00:00:00.000Z";"2022-06-11T23:59:59.999Z";"2022-06-11T05:16:00.000Z";"2022-06-11T16:20:00.000Z";0.00398678952958;0.00407394834066;0.0035883110407;0.00368575786787;15985065.56;72056107.52;"2022-06-11T23:59:59.999Z"
"2022-06-10T00:00:00.000Z";"2022-06-10T23:59:59.999Z";"2022-06-10T03:36:00.000Z";"2022-06-10T17:17:00.000Z";0.00412523904014;0.00419845008799;0.00397011592798;0.00398668431446;15395434.73;77899797.84;"2022-06-10T23:59:59.999Z"
"2022-06-09T00:00:00.000Z";"2022-06-09T23:59:59.999Z";"2022-06-09T16:32:00.000Z";"2022-06-09T22:28:00.000Z";0.00427789502108;0.0043144616662;0.00409310150323;0.00412431793199;28536660.81;80560886.83;"2022-06-09T23:59:59.999Z"
"2022-06-08T00:00:00.000Z";"2022-06-08T23:59:59.999Z";"2022-06-08T02:37:00.000Z";"2022-06-08T04:10:00.000Z";0.00434364574953;0.00444357804632;0.00422332786031;0.00427810901128;19265088.17;83530407.8;"2022-06-08T23:59:59.999Z"
"2022-06-07T00:00:00.000Z";"2022-06-07T23:59:59.999Z";"2022-06-07T22:18:00.000Z";"2022-06-07T02:20:00.000Z";0.0044578679574;0.00447243298268;0.00413581027201;0.00434439618858;19827468.61;84802169.34;"2022-06-07T23:59:59.999Z"
"2022-06-06T00:00:00.000Z";"2022-06-06T23:59:59.999Z";"2022-06-06T09:25:00.000Z";"2022-06-06T20:15:00.000Z";0.00439767480403;0.00463265766319;0.00436058431747;0.00445721706228;29890474.86;86974282.3;"2022-06-06T23:59:59.999Z"
"2022-06-05T00:00:00.000Z";"2022-06-05T23:59:59.999Z";"2022-06-05T20:40:00.000Z";"2022-06-05T02:01:00.000Z";0.00434829999751;0.00445579360881;0.00428071710604;0.00439446853388;17764028.88;85735440.18;"2022-06-05T23:59:59.999Z"
"2022-06-04T00:00:00.000Z";"2022-06-04T23:59:59.999Z";"2022-06-04T00:44:00.000Z";"2022-06-04T02:45:00.000Z";0.00437534305166;0.00440274419276;0.00422099942218;0.00434821135532;18347946.48;84807774.9;"2022-06-04T23:59:59.999Z"
"2022-06-03T00:00:00.000Z";"2022-06-03T23:59:59.999Z";"2022-06-03T20:49:00.000Z";"2022-06-03T11:14:00.000Z";0.00443700649894;0.00450072275523;0.0041746141078;0.00437362667587;26042961.45;85266118.45;"2022-06-03T23:59:59.999Z"
"2022-06-02T00:00:00.000Z";"2022-06-02T23:59:59.999Z";"2022-06-02T23:35:00.000Z";"2022-06-02T04:15:00.000Z";0.00421097611003;0.00446855133827;0.00413334355454;0.00443706304138;27094914.44;86493129.19;"2022-06-02T23:59:59.999Z"
"2022-06-01T00:00:00.000Z";"2022-06-01T23:59:59.999Z";"2022-06-01T13:55:00.000Z";"2022-06-01T20:49:00.000Z";0.00439510774912;0.00475137130617;0.00413809395572;0.00421257546731;48413306.79;82060775.11;"2022-06-01T23:59:59.999Z"
"2022-05-31T00:00:00.000Z";"2022-05-31T23:59:59.999Z";"2022-05-31T02:39:00.000Z";"2022-05-31T14:08:00.000Z";0.00441445808208;0.00453390299595;0.00421996606552;0.00439647366017;27438679.11;85628694.5;"2022-05-31T23:59:59.999Z"
"2022-05-30T00:00:00.000Z";"2022-05-30T23:59:59.999Z";"2022-05-30T21:24:00.000Z";"2022-05-30T01:10:00.000Z";0.00404224928465;0.004457498873;0.00398116847722;0.004413579278;22009370.19;85937455.63;"2022-05-30T23:59:59.999Z"
"2022-05-29T00:00:00.000Z";"2022-05-29T23:59:59.999Z";"2022-05-29T23:31:00.000Z";"2022-05-29T04:58:00.000Z";0.00386830468165;0.00406446802338;0.00376596077898;0.00404243344244;8216617.99;78685125.34;"2022-05-29T23:59:59.999Z"
"2022-05-28T00:00:00.000Z";"2022-05-28T23:59:59.999Z";"2022-05-28T05:46:00.000Z";"2022-05-28T02:45:00.000Z";0.00382872232753;0.00389945475316;0.00368685203127;0.00386946887465;12924723.44;75249740.05;"2022-05-28T23:59:59.999Z"
"2022-05-27T00:00:00.000Z";"2022-05-27T23:59:59.999Z";"2022-05-27T14:05:00.000Z";"2022-05-27T06:10:00.000Z";0.00387699520965;0.00397024398846;0.00366839956921;0.00372511076339;19388977.97;72434375.57;"2022-05-27T23:59:59.999Z"
"2022-05-26T00:00:00.000Z";"2022-05-26T23:59:59.999Z";"2022-05-26T00:30:00.000Z";"2022-05-26T13:27:00.000Z";0.00427964744413;0.00436657130304;0.00376459022725;0.00387644759848;17518457.86;75367672.33;"2022-05-26T23:59:59.999Z"
"2022-05-25T00:00:00.000Z";"2022-05-25T23:59:59.999Z";"2022-05-25T03:06:00.000Z";"2022-05-25T12:01:00.000Z";0.0043711096096;0.00443815564771;0.004224654212;0.00427891643023;23027360.03;83154625.63;"2022-05-25T23:59:59.999Z"
"2022-05-24T00:00:00.000Z";"2022-05-24T23:59:59.999Z";"2022-05-24T23:23:00.000Z";"2022-05-24T14:14:00.000Z";0.00429948383043;0.0044003385129;0.0040841903339;0.00437053578477;20812002.91;84881499.17;"2022-05-24T23:59:59.999Z"
"2022-05-23T00:00:00.000Z";"2022-05-23T23:59:59.999Z";"2022-05-23T16:28:00.000Z";"2022-05-23T23:23:00.000Z";0.00457307178823;0.0046902960696;0.00428524617575;0.00429912927897;34125198.39;83478725.48;"2022-05-23T23:59:59.999Z"
"2022-05-22T00:00:00.000Z";"2022-05-22T23:59:59.999Z";"2022-05-22T10:16:00.000Z";"2022-05-22T05:04:00.000Z";0.00447918953928;0.00465167813493;0.00433874487753;0.00457455730214;22205183.41;88785398.99;"2022-05-22T23:59:59.999Z"
"2022-05-21T00:00:00.000Z";"2022-05-21T23:59:59.999Z";"2022-05-21T16:16:00.000Z";"2022-05-21T01:31:00.000Z";0.00438161735889;0.00452446516917;0.00424635867235;0.00448010668419;19959921.38;86937046.24;"2022-05-21T23:59:59.999Z"
"2022-05-20T00:00:00.000Z";"2022-05-20T23:59:59.999Z";"2022-05-20T01:41:00.000Z";"2022-05-20T16:46:00.000Z";0.00463862686469;0.00471779390942;0.00422318374013;0.00438307678198;35259159.43;85040951.27;"2022-05-20T23:59:59.999Z"
"2022-05-19T00:00:00.000Z";"2022-05-19T23:59:59.999Z";"2022-05-19T15:37:00.000Z";"2022-05-19T02:18:00.000Z";0.00421516842475;0.00466104336901;0.00404727378835;0.00464050038977;33743668.36;90001950.49;"2022-05-19T23:59:59.999Z"
"2022-05-18T00:00:00.000Z";"2022-05-18T23:59:59.999Z";"2022-05-18T00:38:00.000Z";"2022-05-18T23:43:00.000Z";0.00480422033265;0.00488606456008;0.00421233364829;0.00421384293494;30871257.75;81664368.58;"2022-05-18T23:59:59.999Z"
"2022-05-17T00:00:00.000Z";"2022-05-17T23:59:59.999Z";"2022-05-17T23:28:00.000Z";"2022-05-17T00:01:00.000Z";0.00444703498966;0.004843764359;0.00444541948321;0.00480417219743;30390279.11;93081786.68;"2022-05-17T23:59:59.999Z"
"2022-05-16T00:00:00.000Z";"2022-05-16T23:59:59.999Z";"2022-05-16T00:01:00.000Z";"2022-05-16T07:22:00.000Z";0.00480004730881;0.00480469695504;0.00434996940524;0.00444706092187;32441707.2;85707445.9;"2022-05-16T23:59:59.999Z"
"2022-05-15T00:00:00.000Z";"2022-05-15T23:59:59.999Z";"2022-05-15T22:55:00.000Z";"2022-05-15T03:32:00.000Z";0.00446916056115;0.00482860046545;0.00435213718664;0.00479958930094;33473355.2;92455539.42;"2022-05-15T23:59:59.999Z"
"2022-05-14T00:00:00.000Z";"2022-05-14T23:59:59.999Z";"2022-05-14T02:41:00.000Z";"2022-05-14T15:04:00.000Z";0.00437380729876;0.00466873315692;0.00395576818913;0.004469011493;37670308.54;86060603.46;"2022-05-14T23:59:59.999Z"
"2022-05-13T00:00:00.000Z";"2022-05-13T23:59:59.999Z";"2022-05-13T14:04:00.000Z";"2022-05-13T00:23:00.000Z";0.00417969435139;0.0048825297039;0.00409196181898;0.00437499958138;80772375.24;83786382.22;"2022-05-13T23:59:59.999Z"
"2022-05-12T00:00:00.000Z";"2022-05-12T23:59:59.999Z";"2022-05-12T16:49:00.000Z";"2022-05-12T07:19:00.000Z";0.00370240601924;0.00476867056621;0.0028064271414;0.00418437208173;77160249.85;78848800.12;"2022-05-12T23:59:59.999Z"
"2022-05-11T00:00:00.000Z";"2022-05-11T23:59:59.999Z";"2022-05-11T00:25:00.000Z";"2022-05-11T21:32:00.000Z";0.00550092980315;0.00563903717154;0.00347971776338;0.00370083448898;50234587.22;69683611.36;"2022-05-11T23:59:59.999Z"
"2022-05-10T00:00:00.000Z";"2022-05-10T23:59:59.999Z";"2022-05-10T13:06:00.000Z";"2022-05-10T00:35:00.000Z";0.00545557388223;0.00617158360258;0.00523758118904;0.00550294040876;50221908.31;103581048.83;"2022-05-10T23:59:59.999Z"
"2022-05-09T00:00:00.000Z";"2022-05-09T23:59:59.999Z";"2022-05-09T00:52:00.000Z";"2022-05-09T19:53:00.000Z";0.00635023389489;0.00647086320062;0.00541888509951;0.00546341601149;38778779.95;102812635.43;"2022-05-09T23:59:59.999Z"
"2022-05-08T00:00:00.000Z";"2022-05-08T23:59:59.999Z";"2022-05-08T00:14:00.000Z";"2022-05-08T17:43:00.000Z";0.00649643380175;0.00653185256489;0.00629242535882;0.00634577607588;24542939.93;119402150.4;"2022-05-08T23:59:59.999Z"
"2022-05-07T00:00:00.000Z";"2022-05-07T23:59:59.999Z";"2022-05-07T08:49:00.000Z";"2022-05-07T23:01:00.000Z";0.00681501344944;0.00683596394906;0.00638065087099;0.00649957535344;23204871.63;122260913.28;"2022-05-07T23:59:59.999Z"
"2022-05-06T00:00:00.000Z";"2022-05-06T23:59:59.999Z";"2022-05-06T00:07:00.000Z";"2022-05-06T13:41:00.000Z";0.00688157525061;0.0068915751786;0.00657562557962;0.00681888056624;36247834.45;128184874.27;"2022-05-06T23:59:59.999Z"
"2022-05-05T00:00:00.000Z";"2022-05-05T23:59:59.999Z";"2022-05-05T00:40:00.000Z";"2022-05-05T19:20:00.000Z";0.00767437744363;0.00773482236983;0.00673840679027;0.00688399349081;50516762.71;129368443.42;"2022-05-05T23:59:59.999Z"
"2022-05-04T00:00:00.000Z";"2022-05-04T23:59:59.999Z";"2022-05-04T20:43:00.000Z";"2022-05-04T00:07:00.000Z";0.00705239557619;0.00770005625356;0.00704459715498;0.00767267078358;46866556.81;144138682.9;"2022-05-04T23:59:59.999Z"
"2022-05-03T00:00:00.000Z";"2022-05-03T23:59:59.999Z";"2022-05-03T06:43:00.000Z";"2022-05-03T21:13:00.000Z";0.00726134462798;0.00757425417877;0.00702829360374;0.00705369260939;38108902.97;132472494.82;"2022-05-03T23:59:59.999Z"
"2022-05-02T00:00:00.000Z";"2022-05-02T23:59:59.999Z";"2022-05-02T06:10:00.000Z";"2022-05-02T17:52:00.000Z";0.00754003762536;0.00771590683471;0.00712550942213;0.00726152690255;40768206.67;136328397.64;"2022-05-02T23:59:59.999Z"
"2022-05-01T00:00:00.000Z";"2022-05-01T23:59:59.999Z";"2022-05-01T06:25:00.000Z";"2022-05-01T00:32:00.000Z";0.00705703738548;0.00778456622289;0.00700540461575;0.00754018200036;59370715.91;141526284.56;"2022-05-01T23:59:59.999Z"
"2022-04-30T00:00:00.000Z";"2022-04-30T23:59:59.999Z";"2022-04-30T11:19:00.000Z";"2022-04-30T23:13:00.000Z";0.00779192364264;0.00802325565419;0.00682231431062;0.00705762677491;59526756.4;132388181.39;"2022-04-30T23:59:59.999Z"
"2022-04-29T00:00:00.000Z";"2022-04-29T23:59:59.999Z";"2022-04-29T04:13:00.000Z";"2022-04-29T19:56:00.000Z";0.00831646684127;0.00873224281594;0.00765388026153;0.00779285622241;79637138.5;146161593.02;"2022-04-29T23:59:59.999Z"
"2022-04-28T00:00:00.000Z";"2022-04-28T23:59:59.999Z";"2022-04-28T17:46:00.000Z";"2022-04-28T03:55:00.000Z";0.00820927540648;0.00877116736822;0.00810132337955;0.00831667748928;73966407.44;155866303.9;"2022-04-28T23:59:59.999Z"
"2022-04-27T00:00:00.000Z";"2022-04-27T23:59:59.999Z";"2022-04-27T08:25:00.000Z";"2022-04-27T00:49:00.000Z";0.00806080839707;0.00844886260624;0.00804020888358;0.00820968731794;24782609.95;153815548.38;"2022-04-27T23:59:59.999Z"
"2022-04-26T00:00:00.000Z";"2022-04-26T23:59:59.999Z";"2022-04-26T08:25:00.000Z";"2022-04-26T23:31:00.000Z";0.00881624072794;0.00888826639461;0.00799659848267;0.00805787225859;28596362.07;150932744.78;"2022-04-26T23:59:59.999Z"
"2022-04-25T00:00:00.000Z";"2022-04-25T23:59:59.999Z";"2022-04-25T23:26:00.000Z";"2022-04-25T07:07:00.000Z";0.0087711642136;0.00884749536784;0.00812556136611;0.00881671071823;36790766.21;165091878.36;"2022-04-25T23:59:59.999Z"
"2022-04-24T00:00:00.000Z";"2022-04-24T23:59:59.999Z";"2022-04-24T00:34:00.000Z";"2022-04-24T23:58:00.000Z";0.00904278789595;0.00908815028134;0.0087703605724;0.00877074998825;27565971.67;164156244.1;"2022-04-24T23:59:59.999Z"
"2022-04-23T00:00:00.000Z";"2022-04-23T23:59:59.999Z";"2022-04-23T00:12:00.000Z";"2022-04-23T04:34:00.000Z";0.00928326859509;0.0092998117845;0.00900515616178;0.00905000401707;30362264.48;169324254.72;"2022-04-23T23:59:59.999Z"
"2022-04-22T00:00:00.000Z";"2022-04-22T23:59:59.999Z";"2022-04-22T06:19:00.000Z";"2022-04-22T00:07:00.000Z";0.00915011974639;0.00955693443625;0.0091196718213;0.00928264375956;33516464.92;173611352.8;"2022-04-22T23:59:59.999Z"
"2022-04-21T00:00:00.000Z";"2022-04-21T23:59:59.999Z";"2022-04-21T04:16:00.000Z";"2022-04-21T22:35:00.000Z";0.00965390307787;0.00998232628109;0.0090879951665;0.00915057635547;36686811.46;171079784.6;"2022-04-21T23:59:59.999Z"
"2022-04-20T00:00:00.000Z";"2022-04-20T23:59:59.999Z";"2022-04-20T10:43:00.000Z";"2022-04-20T18:59:00.000Z";0.00971891856478;0.010385938;0.00948505931893;0.00965452724638;83468799.28;180448478.61;"2022-04-20T23:59:59.999Z"
"2022-04-19T00:00:00.000Z";"2022-04-19T23:59:59.999Z";"2022-04-19T23:59:00.000Z";"2022-04-19T04:04:00.000Z";0.00904431662608;0.0097163020954;0.00897059250653;0.0097163020954;39732853.01;177620958.55;"2022-04-19T23:59:59.999Z"
"2022-04-18T00:00:00.000Z";"2022-04-18T23:59:59.999Z";"2022-04-18T03:09:00.000Z";"2022-04-18T09:30:00.000Z";0.00880722152663;0.00906581542079;0.00847450465984;0.00904404546733;26676583.87;165331626.1;"2022-04-18T23:59:59.999Z"
"2022-04-17T00:00:00.000Z";"2022-04-17T23:59:59.999Z";"2022-04-17T15:56:00.000Z";"2022-04-17T23:45:00.000Z";0.00920810585903;0.00924184270477;0.00877492703426;0.00880511205665;14996636.21;160963752.29;"2022-04-17T23:59:59.999Z"
"2022-04-16T00:00:00.000Z";"2022-04-16T23:59:59.999Z";"2022-04-16T07:54:00.000Z";"2022-04-16T15:58:00.000Z";0.00919991100203;0.0092553929532;0.00900941611075;0.00920921645667;15942504.76;168351070.03;"2022-04-16T23:59:59.999Z"
"2022-04-15T00:00:00.000Z";"2022-04-15T23:59:59.999Z";"2022-04-15T04:22:00.000Z";"2022-04-15T14:39:00.000Z";0.00903522290483;0.0092134020748;0.00895006576283;0.0092000034581;20022275.68;168182649.82;"2022-04-15T23:59:59.999Z"
"2022-04-14T00:00:00.000Z";"2022-04-14T23:59:59.999Z";"2022-04-14T08:20:00.000Z";"2022-04-14T19:04:00.000Z";0.0092110164957;0.00942524095125;0.00895236423542;0.0090355621961;23325718.83;165176545.82;"2022-04-14T23:59:59.999Z"
"2022-04-13T00:00:00.000Z";"2022-04-13T23:59:59.999Z";"2022-04-13T20:58:00.000Z";"2022-04-13T13:12:00.000Z";0.00896764282744;0.00928024014868;0.00884610847305;0.00921014584633;27807452.44;168368059.94;"2022-04-13T23:59:59.999Z"
"2022-04-12T00:00:00.000Z";"2022-04-12T23:59:59.999Z";"2022-04-12T17:55:00.000Z";"2022-04-12T02:37:00.000Z";0.0087184170631;0.00931563592432;0.00867141546109;0.00897088536976;43000803.02;163994207.14;"2022-04-12T23:59:59.999Z"
"2022-04-11T00:00:00.000Z";"2022-04-11T23:59:59.999Z";"2022-04-11T00:00:00.000Z";"2022-04-11T22:15:00.000Z";0.00957372060491;0.00957372060491;0.00859289313502;0.00872033338371;34912853.95;159413937.45;"2022-04-11T23:59:59.999Z"
"2022-04-10T00:00:00.000Z";"2022-04-10T23:59:59.999Z";"2022-04-10T17:41:00.000Z";"2022-04-10T23:09:00.000Z";0.00977446355672;0.0100386363;0.00952381279698;0.00957568277738;23910919.21;175050336.74;"2022-04-10T23:59:59.999Z"
"2022-04-09T00:00:00.000Z";"2022-04-09T23:59:59.999Z";"2022-04-09T13:49:00.000Z";"2022-04-09T16:02:00.000Z";0.00969164983133;0.00984984232216;0.00947942279799;0.00977538488296;30309245.52;178701034.21;"2022-04-09T23:59:59.999Z"
"2022-04-08T00:00:00.000Z";"2022-04-08T23:59:59.999Z";"2022-04-08T00:16:00.000Z";"2022-04-08T23:47:00.000Z";0.0107044315;0.0107578175;0.00962829958156;0.00969228939252;37376460.48;177181989.15;"2022-04-08T23:59:59.999Z"
"2022-04-07T00:00:00.000Z";"2022-04-07T23:59:59.999Z";"2022-04-07T23:23:00.000Z";"2022-04-07T00:59:00.000Z";0.0102414805;0.0108020791;0.0101102099;0.0107029311;46631673.58;195657243.05;"2022-04-07T23:59:59.999Z"
"2022-04-06T00:00:00.000Z";"2022-04-06T23:59:59.999Z";"2022-04-06T00:02:00.000Z";"2022-04-06T23:58:00.000Z";0.0115953627;0.0115982333;0.0102387798;0.0102414964;52578011.75;187221886.15;"2022-04-06T23:59:59.999Z"
"2022-04-05T00:00:00.000Z";"2022-04-05T23:59:59.999Z";"2022-04-05T13:58:00.000Z";"2022-04-05T23:53:00.000Z";0.0119340267;0.012166374;0.0115847992;0.011595995;51017590.78;211983089.91;"2022-04-05T23:59:59.999Z"
"2022-04-04T00:00:00.000Z";"2022-04-04T23:59:59.999Z";"2022-04-04T09:20:00.000Z";"2022-04-04T18:10:00.000Z";0.0123513388;0.0124756696;0.0114897358;0.011932332;61828762.97;218131571.31;"2022-04-04T23:59:59.999Z"
"2022-04-03T00:00:00.000Z";"2022-04-03T23:59:59.999Z";"2022-04-03T22:49:00.000Z";"2022-04-03T01:40:00.000Z";0.0118689578;0.0124477557;0.0117947004;0.012340375;34977115.08;225590890.82;"2022-04-03T23:59:59.999Z"
"2022-04-02T00:00:00.000Z";"2022-04-02T23:59:59.999Z";"2022-04-02T09:13:00.000Z";"2022-04-02T23:58:00.000Z";0.0120284169;0.0126645874;0.0118666836;0.0118688848;44574433.79;216971710.85;"2022-04-02T23:59:59.999Z"
"2022-04-01T00:00:00.000Z";"2022-04-01T23:59:59.999Z";"2022-04-01T16:13:00.000Z";"2022-04-01T02:58:00.000Z";0.0115835848;0.0124008966;0.0111953401;0.012024358;56189262.06;219813872.71;"2022-04-01T23:59:59.999Z"
"2022-03-31T00:00:00.000Z";"2022-03-31T23:59:59.999Z";"2022-03-31T04:52:00.000Z";"2022-03-31T17:14:00.000Z";0.0116980965;0.0125067659;0.0113154889;0.0115758855;68385565.52;211615475.19;"2022-03-31T23:59:59.999Z"
"2022-03-30T00:00:00.000Z";"2022-03-30T23:59:59.999Z";"2022-03-30T17:56:00.000Z";"2022-03-30T01:47:00.000Z";0.0111960349;0.0118672523;0.0109341841;0.011699196;41699345.46;213869679.41;"2022-03-30T23:59:59.999Z"
"2022-03-29T00:00:00.000Z";"2022-03-29T23:59:59.999Z";"2022-03-29T12:49:00.000Z";"2022-03-29T00:01:00.000Z";0.0109274576;0.0116601588;0.0109189838;0.0111938527;52042145.11;204631640.92;"2022-03-29T23:59:59.999Z"
"2022-03-28T00:00:00.000Z";"2022-03-28T23:59:59.999Z";"2022-03-28T15:29:00.000Z";"2022-03-28T23:55:00.000Z";0.011383585;0.0118523546;0.0109149288;0.0109366007;60000894.18;199928891.06;"2022-03-28T23:59:59.999Z"
"2022-03-27T00:00:00.000Z";"2022-03-27T23:59:59.999Z";"2022-03-27T23:57:00.000Z";"2022-03-27T00:10:00.000Z";0.0105290762;0.0113954799;0.0105279422;0.0113823077;77928991.06;208076734.03;"2022-03-27T23:59:59.999Z"
"2022-03-26T00:00:00.000Z";"2022-03-26T23:59:59.999Z";"2022-03-26T23:49:00.000Z";"2022-03-26T01:36:00.000Z";0.00979736432545;0.0105791095;0.00974746950702;0.0105271058;41575114.31;192443030.2;"2022-03-26T23:59:59.999Z"
"2022-03-25T00:00:00.000Z";"2022-03-25T23:59:59.999Z";"2022-03-25T05:50:00.000Z";"2022-03-25T17:13:00.000Z";0.0100082698;0.0102899582;0.00969354804305;0.00979699108697;43779138.81;179096011.08;"2022-03-25T23:59:59.999Z"
"2022-03-24T00:00:00.000Z";"2022-03-24T23:59:59.999Z";"2022-03-24T19:28:00.000Z";"2022-03-24T13:40:00.000Z";0.00972273245458;0.0102225285;0.00962080496862;0.0100082062;56062941.12;182957174.11;"2022-03-24T23:59:59.999Z"
"2022-03-23T00:00:00.000Z";"2022-03-23T23:59:59.999Z";"2022-03-23T12:43:00.000Z";"2022-03-23T08:23:00.000Z";0.00927305947023;0.009801794652;0.00924425289237;0.00972193072328;47061462.1;177723853.9;"2022-03-23T23:59:59.999Z"
"2022-03-22T00:00:00.000Z";"2022-03-22T23:59:59.999Z";"2022-03-22T04:44:00.000Z";"2022-03-22T00:19:00.000Z";0.00908281896873;0.00957545884854;0.00904908238866;0.00927320396845;45678798.66;169520807.56;"2022-03-22T23:59:59.999Z"
"2022-03-21T00:00:00.000Z";"2022-03-21T23:59:59.999Z";"2022-03-21T20:31:00.000Z";"2022-03-21T02:55:00.000Z";0.00888107090241;0.009272893603;0.00868654743707;0.00908510557661;27574287.39;166082234.29;"2022-03-21T23:59:59.999Z"
"2022-03-20T00:00:00.000Z";"2022-03-20T23:59:59.999Z";"2022-03-20T08:39:00.000Z";"2022-03-20T17:56:00.000Z";0.0092608737328;0.00928946954226;0.00872471568609;0.00887912192036;21226433.58;162316705.58;"2022-03-20T23:59:59.999Z"
"2022-03-19T00:00:00.000Z";"2022-03-19T23:59:59.999Z";"2022-03-19T19:10:00.000Z";"2022-03-19T00:00:00.000Z";0.00882519888485;0.00962682861001;0.00882519888485;0.00926046187896;51002847.98;169287873.04;"2022-03-19T23:59:59.999Z"
"2022-03-18T00:00:00.000Z";"2022-03-18T23:59:59.999Z";"2022-03-18T23:59:00.000Z";"2022-03-18T01:01:00.000Z";0.00853172259573;0.00881559964913;0.00840205061105;0.00881559964913;30811656.04;161155472.99;"2022-03-18T23:59:59.999Z"
"2022-03-17T00:00:00.000Z";"2022-03-17T23:59:59.999Z";"2022-03-17T14:21:00.000Z";"2022-03-17T04:10:00.000Z";0.00864777946699;0.00872511329551;0.00849823149682;0.00853399394478;18637149.23;156007519.1;"2022-03-17T23:59:59.999Z"
"2022-03-16T00:00:00.000Z";"2022-03-16T23:59:59.999Z";"2022-03-16T23:59:00.000Z";"2022-03-16T18:37:00.000Z";0.00820863218716;0.00864768536565;0.00819841932111;0.00864768536565;29605222.69;158085879.67;"2022-03-16T23:59:59.999Z"
"2022-03-15T00:00:00.000Z";"2022-03-15T23:59:59.999Z";"2022-03-15T03:37:00.000Z";"2022-03-15T09:13:00.000Z";0.00836312359962;0.00851535468697;0.0080929206731;0.00820831296532;26469139.3;150053837.63;"2022-03-15T23:59:59.999Z"
"2022-03-14T00:00:00.000Z";"2022-03-14T23:59:59.999Z";"2022-03-14T16:47:00.000Z";"2022-03-14T00:16:00.000Z";0.00797442473672;0.00852977102942;0.00792338132234;0.00836375731165;30259845.52;152895471.57;"2022-03-14T23:59:59.999Z"
"2022-03-13T00:00:00.000Z";"2022-03-13T23:59:59.999Z";"2022-03-13T04:25:00.000Z";"2022-03-13T23:47:00.000Z";0.00830643775326;0.00847459529883;0.00795776859909;0.00797586524391;21401120.07;145804526.86;"2022-03-13T23:59:59.999Z"
"2022-03-12T00:00:00.000Z";"2022-03-12T23:59:59.999Z";"2022-03-12T17:08:00.000Z";"2022-03-12T00:01:00.000Z";0.00826010298273;0.00843512022077;0.00825941814889;0.0083100350058;12648715.3;151913389.36;"2022-03-12T23:59:59.999Z"
"2022-03-11T00:00:00.000Z";"2022-03-11T23:59:59.999Z";"2022-03-11T12:42:00.000Z";"2022-03-11T20:55:00.000Z";0.00851321431812;0.00854904994241;0.00823500486586;0.0082609355234;18822702.83;151015815.67;"2022-03-11T23:59:59.999Z"
"2022-03-10T00:00:00.000Z";"2022-03-10T23:59:59.999Z";"2022-03-10T01:30:00.000Z";"2022-03-10T06:27:00.000Z";0.00887573085305;0.00891719327926;0.00836652318061;0.00851329552661;23717379.86;155629137.2;"2022-03-10T23:59:59.999Z"
"2022-03-09T00:00:00.000Z";"2022-03-09T23:59:59.999Z";"2022-03-09T09:47:00.000Z";"2022-03-09T00:16:00.000Z";0.00846922426577;0.00907590280079;0.00844195070731;0.00887648429478;40255613.4;162268487.9;"2022-03-09T23:59:59.999Z"
"2022-03-08T00:00:00.000Z";"2022-03-08T23:59:59.999Z";"2022-03-08T08:49:00.000Z";"2022-03-08T16:34:00.000Z";0.00847325410196;0.00868794107316;0.00833225701526;0.00846267776377;40380167.85;154703808.25;"2022-03-08T23:59:59.999Z"
"2022-03-07T00:00:00.000Z";"2022-03-07T23:59:59.999Z";"2022-03-07T16:12:00.000Z";"2022-03-07T20:09:00.000Z";0.00845724913178;0.00886469631158;0.00821440257065;0.00847345401763;32889252.39;154900805.89;"2022-03-07T23:59:59.999Z"
"2022-03-06T00:00:00.000Z";"2022-03-06T23:59:59.999Z";"2022-03-06T01:25:00.000Z";"2022-03-06T23:31:00.000Z";0.00901780781717;0.00904086662063;0.00842744951958;0.00844982314927;32850362.91;154468816.7;"2022-03-06T23:59:59.999Z"
"2022-03-05T00:00:00.000Z";"2022-03-05T23:59:59.999Z";"2022-03-05T20:15:00.000Z";"2022-03-05T01:04:00.000Z";0.00877933113813;0.00907325956172;0.00860400679732;0.00901567948206;43072608.27;164813075.58;"2022-03-05T23:59:59.999Z"
"2022-03-04T00:00:00.000Z";"2022-03-04T23:59:59.999Z";"2022-03-04T10:55:00.000Z";"2022-03-04T22:35:00.000Z";0.00934055703042;0.00935901117271;0.00868647678481;0.00877875819819;43625640.06;160481984.89;"2022-03-04T23:59:59.999Z"
"2022-03-03T00:00:00.000Z";"2022-03-03T23:59:59.999Z";"2022-03-03T01:01:00.000Z";"2022-03-03T21:40:00.000Z";0.00979692619435;0.00984028835557;0.00924189779913;0.00934017424649;39275229.18;170745072.19;"2022-03-03T23:59:59.999Z"
"2022-03-02T00:00:00.000Z";"2022-03-02T23:59:59.999Z";"2022-03-02T00:07:00.000Z";"2022-03-02T19:34:00.000Z";0.0102235601;0.0102610756;0.00966531689315;0.00979639265106;43709836.28;179085071.25;"2022-03-02T23:59:59.999Z"
"2022-03-01T00:00:00.000Z";"2022-03-01T23:59:59.999Z";"2022-03-01T13:58:00.000Z";"2022-03-01T16:58:00.000Z";0.0100397244;0.0105302435;0.0100392171;0.0102226737;35582595.3;186877793.26;"2022-03-01T23:59:59.999Z"
"2022-02-28T00:00:00.000Z";"2022-02-28T23:59:59.999Z";"2022-02-28T22:40:00.000Z";"2022-02-28T00:39:00.000Z";0.00892307594514;0.0100596703;0.00882030413471;0.0100399201;29875753.69;183536926.62;"2022-02-28T23:59:59.999Z"
"2022-02-27T00:00:00.000Z";"2022-02-27T23:59:59.999Z";"2022-02-27T00:20:00.000Z";"2022-02-27T23:29:00.000Z";0.00958162180341;0.00961203680174;0.00884508285755;0.00892396936025;47500400.83;163136548.89;"2022-02-27T23:59:59.999Z"
"2022-02-26T00:00:00.000Z";"2022-02-26T23:59:59.999Z";"2022-02-26T00:44:00.000Z";"2022-02-26T23:45:00.000Z";0.00970459047188;0.00995886581632;0.00951920351737;0.00958114000061;23347433.19;175150098.69;"2022-02-26T23:59:59.999Z"
"2022-02-25T00:00:00.000Z";"2022-02-25T23:59:59.999Z";"2022-02-25T23:04:00.000Z";"2022-02-25T09:32:00.000Z";0.00935153415046;0.00984563330955;0.00917957605099;0.00970016540882;24212977.59;177325968.37;"2022-02-25T23:59:59.999Z"
"2022-02-24T00:00:00.000Z";"2022-02-24T23:59:59.999Z";"2022-02-24T20:20:00.000Z";"2022-02-24T07:37:00.000Z";0.00950646144843;0.00954434094237;0.008125107268;0.00934962084982;48968191.09;170917762.86;"2022-02-24T23:59:59.999Z"
"2022-02-23T00:00:00.000Z";"2022-02-23T23:59:59.999Z";"2022-02-23T13:03:00.000Z";"2022-02-23T23:17:00.000Z";0.00990933215169;0.0102661433;0.00945157740897;0.00951184584774;30748402.89;173883351.96;"2022-02-23T23:59:59.999Z"
"2022-02-22T00:00:00.000Z";"2022-02-22T23:59:59.999Z";"2022-02-22T23:58:00.000Z";"2022-02-22T03:19:00.000Z";0.00938955408667;0.00991008657075;0.00908279064225;0.00990774168209;27520899.22;181120611.25;"2022-02-22T23:59:59.999Z"
"2022-02-21T00:00:00.000Z";"2022-02-21T23:59:59.999Z";"2022-02-21T07:10:00.000Z";"2022-02-21T23:56:00.000Z";0.0100623391;0.0105219754;0.00935463753074;0.0093895269934;30107223.72;171647275.74;"2022-02-21T23:59:59.999Z"
"2022-02-20T00:00:00.000Z";"2022-02-20T23:59:59.999Z";"2022-02-20T00:00:00.000Z";"2022-02-20T08:49:00.000Z";0.0108108321;0.0108108321;0.00989669092718;0.0100765479;21149103.89;184206510.44;"2022-02-20T23:59:59.999Z"
"2022-02-19T00:00:00.000Z";"2022-02-19T23:59:59.999Z";"2022-02-19T08:23:00.000Z";"2022-02-19T13:10:00.000Z";0.0107806725;0.0110301474;0.0105116823;0.0108102395;21788821.04;197618917.5;"2022-02-19T23:59:59.999Z"
"2022-02-18T00:00:00.000Z";"2022-02-18T23:59:59.999Z";"2022-02-18T09:52:00.000Z";"2022-02-18T16:07:00.000Z";0.0109123947;0.0113031262;0.010700079;0.0107823032;33061355.58;197108221.71;"2022-02-18T23:59:59.999Z"
"2022-02-17T00:00:00.000Z";"2022-02-17T23:59:59.999Z";"2022-02-17T06:51:00.000Z";"2022-02-17T23:49:00.000Z";0.0121230027;0.0123274877;0.0108954689;0.0109018838;39978589.08;199294241.29;"2022-02-17T23:59:59.999Z"
"2022-02-16T00:00:00.000Z";"2022-02-16T23:59:59.999Z";"2022-02-16T00:22:00.000Z";"2022-02-16T14:58:00.000Z";0.0123186425;0.0125917099;0.0117737893;0.0121199634;35704545.05;221561607.93;"2022-02-16T23:59:59.999Z"
"2022-02-15T00:00:00.000Z";"2022-02-15T23:59:59.999Z";"2022-02-15T23:47:00.000Z";"2022-02-15T01:12:00.000Z";0.011660548;0.012351391;0.0115101861;0.0123163413;50577469.59;225151537.41;"2022-02-15T23:59:59.999Z"
"2022-02-14T00:00:00.000Z";"2022-02-14T23:59:59.999Z";"2022-02-14T23:40:00.000Z";"2022-02-14T06:15:00.000Z";0.0111140984;0.0117244642;0.0108946068;0.0116645307;29817793.22;213235972.97;"2022-02-14T23:59:59.999Z"
"2022-02-13T00:00:00.000Z";"2022-02-13T23:59:59.999Z";"2022-02-13T12:52:00.000Z";"2022-02-13T19:48:00.000Z";0.0112411983;0.0118713333;0.0110477334;0.0111192122;32083512.15;203267160.37;"2022-02-13T23:59:59.999Z"
"2022-02-12T00:00:00.000Z";"2022-02-12T23:59:59.999Z";"2022-02-12T03:01:00.000Z";"2022-02-12T14:44:00.000Z";0.0115366555;0.0117264302;0.0110424925;0.0112427723;31064812.51;205525926.82;"2022-02-12T23:59:59.999Z"
"2022-02-11T00:00:00.000Z";"2022-02-11T23:59:59.999Z";"2022-02-11T07:31:00.000Z";"2022-02-11T23:14:00.000Z";0.012792538;0.0131196748;0.0113756054;0.011537075;70575520.34;210905991.19;"2022-02-11T23:59:59.999Z"
"2022-02-10T00:00:00.000Z";"2022-02-10T23:59:59.999Z";"2022-02-10T09:52:00.000Z";"2022-02-10T03:32:00.000Z";0.0125028961;0.0141488461;0.0123901527;0.0127911551;141032300.32;233831473.77;"2022-02-10T23:59:59.999Z"
"2022-02-09T00:00:00.000Z";"2022-02-09T23:59:59.999Z";"2022-02-09T20:40:00.000Z";"2022-02-09T09:01:00.000Z";0.0122720264;0.0126564953;0.0120157065;0.012500693;32996771.6;225396443.9;"2022-02-09T23:59:59.999Z"
"2022-02-08T00:00:00.000Z";"2022-02-08T23:59:59.999Z";"2022-02-08T07:01:00.000Z";"2022-02-08T17:37:00.000Z";0.012501837;0.0129367164;0.0118036619;0.0122749915;45128656.12;221326884.73;"2022-02-08T23:59:59.999Z"
"2022-02-07T00:00:00.000Z";"2022-02-07T23:59:59.999Z";"2022-02-07T16:37:00.000Z";"2022-02-07T01:13:00.000Z";0.011893774;0.0127407545;0.0116997507;0.012500625;42119050.99;222270061.61;"2022-02-07T23:59:59.999Z"
"2022-02-06T00:00:00.000Z";"2022-02-06T23:59:59.999Z";"2022-02-06T23:46:00.000Z";"2022-02-06T15:05:00.000Z";0.0116030825;0.0119089627;0.0113201148;0.0118937086;32537436.18;208505107.24;"2022-02-06T23:59:59.999Z"
"2022-02-05T00:00:00.000Z";"2022-02-05T23:59:59.999Z";"2022-02-05T12:01:00.000Z";"2022-02-05T20:19:00.000Z";0.0118794615;0.0123129319;0.0113861721;0.0116046877;60063571.49;203438368.32;"2022-02-05T23:59:59.999Z"
"2022-02-04T00:00:00.000Z";"2022-02-04T23:59:59.999Z";"2022-02-04T23:14:00.000Z";"2022-02-04T00:00:00.000Z";0.00983258636195;0.0119609707;0.00983258636195;0.0118709878;51376601.19;208106795.64;"2022-02-04T23:59:59.999Z"
"2022-02-03T00:00:00.000Z";"2022-02-03T23:59:59.999Z";"2022-02-03T23:59:00.000Z";"2022-02-03T20:55:00.000Z";0.00972947392585;0.00983585277461;0.00957248966012;0.00983585277461;18543297.92;172429442.62;"2022-02-03T23:59:59.999Z"
"2022-02-02T00:00:00.000Z";"2022-02-02T23:59:59.999Z";"2022-02-02T12:51:00.000Z";"2022-02-02T22:22:00.000Z";0.0102949696;0.01040045;0.00971144595625;0.00972756420854;25804039.36;170531067.61;"2022-02-02T23:59:59.999Z"
"2022-02-01T00:00:00.000Z";"2022-02-01T23:59:59.999Z";"2022-02-01T04:15:00.000Z";"2022-02-01T10:19:00.000Z";0.0103040597;0.0104835458;0.0101592185;0.0102951886;26146691.61;180481923.61;"2022-02-01T23:59:59.999Z"
"2022-01-31T00:00:00.000Z";"2022-01-31T23:59:59.999Z";"2022-01-31T23:58:00.000Z";"2022-01-31T07:03:00.000Z";0.0100961373;0.0103051659;0.00967492789298;0.0103020572;21471760.65;180602335.29;"2022-01-31T23:59:59.999Z"
"2022-01-30T00:00:00.000Z";"2022-01-30T23:59:59.999Z";"2022-01-30T19:05:00.000Z";"2022-01-30T21:22:00.000Z";0.010136643;0.0104221502;0.0099487211284;0.0101014136;22511436.77;177084911.79;"2022-01-30T23:59:59.999Z"
"2022-01-29T00:00:00.000Z";"2022-01-29T23:59:59.999Z";"2022-01-29T14:07:00.000Z";"2022-01-29T02:53:00.000Z";0.0100099102;0.0102158004;0.00992505989288;0.0101339654;13768114.37;177655568.08;"2022-01-29T23:59:59.999Z"
"2022-01-28T00:00:00.000Z";"2022-01-28T23:59:59.999Z";"2022-01-28T21:53:00.000Z";"2022-01-28T12:52:00.000Z";0.00972513582108;0.0100546214;0.00949817286044;0.0100118805;14647790.15;175515333.66;"2022-01-28T23:59:59.999Z"
"2022-01-27T00:00:00.000Z";"2022-01-27T23:59:59.999Z";"2022-01-27T14:35:00.000Z";"2022-01-27T22:16:00.000Z";0.00975313595322;0.00998761432919;0.00940743607065;0.00972771615069;20093119.34;170533731.26;"2022-01-27T23:59:59.999Z"
"2022-01-26T00:00:00.000Z";"2022-01-26T23:59:59.999Z";"2022-01-26T19:11:00.000Z";"2022-01-26T22:17:00.000Z";0.00973097508709;0.0104824723;0.00963566527131;0.00975522399589;25492035.74;171015963.21;"2022-01-26T23:59:59.999Z"
"2022-01-25T00:00:00.000Z";"2022-01-25T23:59:59.999Z";"2022-01-25T17:46:00.000Z";"2022-01-25T05:31:00.000Z";0.00957107468549;0.00987436211735;0.00938606008902;0.00973167591326;19112629.9;170603148.7;"2022-01-25T23:59:59.999Z"
"2022-01-24T00:00:00.000Z";"2022-01-24T23:59:59.999Z";"2022-01-24T00:01:00.000Z";"2022-01-24T13:08:00.000Z";0.00998910782471;0.0100084678;0.00874078871384;0.00956395442525;26571300.37;167662872.61;"2022-01-24T23:59:59.999Z"
"2022-01-23T00:00:00.000Z";"2022-01-23T23:59:59.999Z";"2022-01-23T10:32:00.000Z";"2022-01-23T19:43:00.000Z";0.0097025820587;0.0103701205;0.00955227120717;0.00998573881408;28664112.46;175057050.7;"2022-01-23T23:59:59.999Z"
"2022-01-22T00:00:00.000Z";"2022-01-22T23:59:59.999Z";"2022-01-22T00:41:00.000Z";"2022-01-22T10:14:00.000Z";0.0104630434;0.0106272719;0.00891133379367;0.00971013020938;38509650.78;170225437.3;"2022-01-22T23:59:59.999Z"
"2022-01-21T00:00:00.000Z";"2022-01-21T23:59:59.999Z";"2022-01-21T00:45:00.000Z";"2022-01-21T22:54:00.000Z";0.0123835815;0.0124877441;0.0102761665;0.0104417127;34962316.7;183050595.64;"2022-01-21T23:59:59.999Z"
"2022-01-20T00:00:00.000Z";"2022-01-20T23:59:59.999Z";"2022-01-20T16:45:00.000Z";"2022-01-20T23:59:00.000Z";0.0129748351;0.0134965658;0.0123755504;0.0123755504;16917497.71;216952135.15;"2022-01-20T23:59:59.999Z"
"2022-01-19T00:00:00.000Z";"2022-01-19T23:59:59.999Z";"2022-01-19T02:42:00.000Z";"2022-01-19T08:42:00.000Z";0.0133431066;0.0134007008;0.01270115;0.0129757189;18252072.64;227473511.73;"2022-01-19T23:59:59.999Z"
"2022-01-18T00:00:00.000Z";"2022-01-18T23:59:59.999Z";"2022-01-18T01:29:00.000Z";"2022-01-18T18:07:00.000Z";0.0136042584;0.0137411331;0.0129880726;0.0133427108;20524163.59;233907140.12;"2022-01-18T23:59:59.999Z"
"2022-01-17T00:00:00.000Z";"2022-01-17T23:59:59.999Z";"2022-01-17T03:11:00.000Z";"2022-01-17T22:22:00.000Z";0.0142698163;0.0142982826;0.013416903;0.0136011913;27116400.1;238438485.18;"2022-01-17T23:59:59.999Z"
"2022-01-16T00:00:00.000Z";"2022-01-16T23:59:59.999Z";"2022-01-16T00:33:00.000Z";"2022-01-16T13:31:00.000Z";0.0144319997;0.0145711652;0.0141266695;0.0142701464;22045410.76;250165739.78;"2022-01-16T23:59:59.999Z"
"2022-01-15T00:00:00.000Z";"2022-01-15T23:59:59.999Z";"2022-01-15T22:33:00.000Z";"2022-01-15T12:48:00.000Z";0.0141364101;0.0147829435;0.0139881631;0.0144397866;37157066.9;253139653.46;"2022-01-15T23:59:59.999Z"
"2022-01-14T00:00:00.000Z";"2022-01-14T23:59:59.999Z";"2022-01-14T06:20:00.000Z";"2022-01-14T11:10:00.000Z";0.0139417124;0.0143145032;0.01363696;0.0141364416;24184685.06;247821800.72;"2022-01-14T23:59:59.999Z"
"2022-01-13T00:00:00.000Z";"2022-01-13T23:59:59.999Z";"2022-01-13T14:34:00.000Z";"2022-01-13T23:59:00.000Z";0.0147749255;0.0148621734;0.0139183972;0.0139183972;30430770.66;243999327.77;"2022-01-13T23:59:59.999Z"
"2022-01-12T00:00:00.000Z";"2022-01-12T23:59:59.999Z";"2022-01-12T21:30:00.000Z";"2022-01-12T00:00:00.000Z";0.0139354818;0.014889405;0.0139354818;0.0147748234;32432220.03;259013084.29;"2022-01-12T23:59:59.999Z"
"2022-01-11T00:00:00.000Z";"2022-01-11T23:59:59.999Z";"2022-01-11T21:07:00.000Z";"2022-01-11T00:10:00.000Z";0.0131829768;0.0140861895;0.0131377721;0.0139300434;32369982.61;244203493.8;"2022-01-11T23:59:59.999Z"
"2022-01-10T00:00:00.000Z";"2022-01-10T23:59:59.999Z";"2022-01-10T00:28:00.000Z";"2022-01-10T14:37:00.000Z";0.0141030845;0.0142802311;0.012716162;0.0131781057;40365574.42;231021496.51;"2022-01-10T23:59:59.999Z"
"2022-01-09T00:00:00.000Z";"2022-01-09T23:59:59.999Z";"2022-01-09T20:12:00.000Z";"2022-01-09T10:19:00.000Z";0.01398904;0.0144049222;0.0135908128;0.0141050021;49641280.51;247270644.82;"2022-01-09T23:59:59.999Z"
"2022-01-08T00:00:00.000Z";"2022-01-08T23:59:59.999Z";"2022-01-08T01:49:00.000Z";"2022-01-08T19:26:00.000Z";0.0148400669;0.0152028668;0.013739097;0.0140134674;60738413.92;245665976.61;"2022-01-08T23:59:59.999Z"
"2022-01-07T00:00:00.000Z";"2022-01-07T23:59:59.999Z";"2022-01-07T00:04:00.000Z";"2022-01-07T23:25:00.000Z";0.0162291697;0.0162683227;0.0148101654;0.0148405517;72486217.15;260165347.43;"2022-01-07T23:59:59.999Z"
"2022-01-06T00:00:00.000Z";"2022-01-06T23:59:59.999Z";"2022-01-06T20:10:00.000Z";"2022-01-06T09:59:00.000Z";0.016425894;0.0166672813;0.0158819337;0.0162315791;43184839.93;284551040.82;"2022-01-06T23:59:59.999Z"
"2022-01-05T00:00:00.000Z";"2022-01-05T23:59:59.999Z";"2022-01-05T10:16:00.000Z";"2022-01-05T22:37:00.000Z";0.0178305512;0.0183532606;0.0157989466;0.016424999;39167262.2;287941827.28;"2022-01-05T23:59:59.999Z"
"2022-01-04T00:00:00.000Z";"2022-01-04T23:59:59.999Z";"2022-01-04T15:13:00.000Z";"2022-01-04T02:19:00.000Z";0.018043875;0.018477475;0.0176694458;0.0178311551;34143156.51;312592737.33;"2022-01-04T23:59:59.999Z"
"2022-01-03T00:00:00.000Z";"2022-01-03T23:59:59.999Z";"2022-01-03T11:29:00.000Z";"2022-01-03T21:22:00.000Z";0.01849956;0.0186053274;0.0179022596;0.018043581;37076817.36;315173272.37;"2022-01-03T23:59:59.999Z"
"2022-01-02T00:00:00.000Z";"2022-01-02T23:59:59.999Z";"2022-01-02T17:08:00.000Z";"2022-01-02T18:37:00.000Z";0.0186791979;0.0188510968;0.0184159196;0.0184976012;22227916.89;301465621.41;"2022-01-02T23:59:59.999Z"
"2022-01-01T00:00:00.000Z";"2022-01-01T23:59:59.999Z";"2022-01-01T17:44:00.000Z";"2022-01-01T00:01:00.000Z";0.0183390102;0.0187643055;0.0183340207;0.0186798545;24772133.02;304435902.84;"2022-01-01T23:59:59.999Z"
"2021-12-31T00:00:00.000Z";"2021-12-31T23:59:59.999Z";"2021-12-31T07:45:00.000Z";"2021-12-31T20:01:00.000Z";0.0186109064;0.0195239725;0.0180524764;0.0183370149;43036731.18;298848457.5;"2021-12-31T23:59:59.999Z"
"2021-12-30T00:00:00.000Z";"2021-12-30T23:59:59.999Z";"2021-12-30T22:16:14.000Z";"2021-12-30T00:19:14.000Z";0.0182836361;0.0188368302;0.0178003118;0.0186099452;30751027.36;303296552.53;"2021-12-30T23:59:59.999Z"
"2021-12-29T00:00:00.000Z";"2021-12-29T23:59:59.999Z";"2021-12-29T09:14:11.000Z";"2021-12-29T23:46:11.000Z";0.018762157;0.0192659444;0.0181526378;0.0182538788;27566007.9;297493542.71;"2021-12-29T23:59:59.999Z"
"2021-12-28T00:00:00.000Z";"2021-12-28T23:59:59.999Z";"2021-12-28T00:00:25.000Z";"2021-12-28T19:08:11.000Z";0.0207916711;0.0207916711;0.0186017265;0.0187458341;34872024.41;305511209.09;"2021-12-28T23:59:59.999Z"
"2021-12-27T00:00:00.000Z";"2021-12-27T23:59:59.999Z";"2021-12-27T07:31:15.000Z";"2021-12-27T23:56:11.000Z";0.0210213179;0.0216286065;0.0207549519;0.0207567582;35892058.15;338284349.3;"2021-12-27T23:59:59.999Z"
"2021-12-26T00:00:00.000Z";"2021-12-26T23:59:59.999Z";"2021-12-26T22:21:32.000Z";"2021-12-26T03:41:11.000Z";0.0210012646;0.0212154492;0.0202755536;0.0210052565;29450451.82;342334263.97;"2021-12-26T23:59:59.999Z"
"2021-12-25T00:00:00.000Z";"2021-12-25T23:59:59.999Z";"2021-12-25T15:41:10.000Z";"2021-12-25T01:46:13.000Z";0.0207317426;0.0215546907;0.020520309;0.0209797368;34804872.78;341918355.41;"2021-12-25T23:59:59.999Z"
"2021-12-24T00:00:00.000Z";"2021-12-24T23:59:59.999Z";"2021-12-24T11:34:11.000Z";"2021-12-24T23:14:12.000Z";0.0207112369;0.0222977354;0.0204364824;0.0207407028;68628195.75;338022686.45;"2021-12-24T23:59:59.999Z"
"2021-12-23T00:00:00.000Z";"2021-12-23T23:59:59.999Z";"2021-12-23T17:50:10.000Z";"2021-12-23T00:39:31.000Z";0.019897972;0.0213812039;0.0196057382;0.0206804057;53689169.79;337039990.28;"2021-12-23T23:59:59.999Z"
"2021-12-22T00:00:00.000Z";"2021-12-22T23:59:59.999Z";"2021-12-22T08:28:12.000Z";"2021-12-22T00:00:24.000Z";0.0193018387;0.0203869537;0.0193018387;0.019908594;54877919.36;324461349.67;"2021-12-22T23:59:59.999Z"
"2021-12-21T00:00:00.000Z";"2021-12-21T23:59:59.999Z";"2021-12-21T10:12:27.000Z";"2021-12-21T01:13:17.000Z";0.0187324675;0.0195573845;0.0185284308;0.0193163743;71270448.82;314809618.58;"2021-12-21T23:59:59.999Z"
"2021-12-20T00:00:00.000Z";"2021-12-20T23:59:59.999Z";"2021-12-20T02:09:20.000Z";"2021-12-20T09:48:30.000Z";0.0192494556;0.0202308091;0.0173821061;0.0187274908;204140861.63;305212258.17;"2021-12-20T23:59:59.999Z"
"2021-12-19T00:00:00.000Z";"2021-12-19T23:59:59.999Z";"2021-12-19T20:10:10.000Z";"2021-12-19T18:14:10.000Z";0.0170772776;0.0214025101;0.0169817682;0.0192071381;173839607.26;313029335.11;"2021-12-19T23:59:59.999Z"
"2021-12-18T00:00:00.000Z";"2021-12-18T23:59:59.999Z";"2021-12-18T11:02:11.000Z";"2021-12-18T02:07:11.000Z";0.0168001141;0.0174406462;0.0165158778;0.0170604976;23712892.67;278044349.33;"2021-12-18T23:59:59.999Z"
"2021-12-17T00:00:00.000Z";"2021-12-17T23:59:59.999Z";"2021-12-17T04:20:11.000Z";"2021-12-17T15:18:18.000Z";0.0173932962;0.0176793353;0.0161737756;0.0168006698;30056324.29;273809791.93;"2021-12-17T23:59:59.999Z"
"2021-12-16T00:00:00.000Z";"2021-12-16T23:59:59.999Z";"2021-12-16T11:42:21.000Z";"2021-12-16T23:37:11.000Z";0.0181893776;0.0184928283;0.0173148445;0.0173725705;24423782.33;283130374.85;"2021-12-16T23:59:59.999Z"
"2021-12-15T00:00:00.000Z";"2021-12-15T23:59:59.999Z";"2021-12-15T20:10:10.000Z";"2021-12-15T16:49:10.000Z";0.0178010647;0.0183826822;0.0169173472;0.0181992044;38120426.65;296602483.3;"2021-12-15T23:59:59.999Z"
"2021-12-14T00:00:00.000Z";"2021-12-14T23:59:59.999Z";"2021-12-14T12:26:09.000Z";"2021-12-14T00:05:11.000Z";0.0171515999;0.018083006;0.0170211304;0.0177932791;31685413.92;286695138.51;"2021-12-14T23:59:59.999Z"
"2021-12-13T00:00:00.000Z";"2021-12-13T23:59:59.999Z";"2021-12-13T00:16:09.000Z";"2021-12-13T19:42:14.000Z";0.0192540977;0.0193789971;0.0168690302;0.0171420826;24800693.88;276202700.6;"2021-12-13T23:59:59.999Z"
"2021-12-12T00:00:00.000Z";"2021-12-12T23:59:59.999Z";"2021-12-12T18:37:09.000Z";"2021-12-12T10:14:09.000Z";0.0188974019;0.0196249891;0.0187171155;0.0192453954;25367037.68;310092437.51;"2021-12-12T23:59:59.999Z"
"2021-12-11T00:00:00.000Z";"2021-12-11T23:59:59.999Z";"2021-12-11T10:22:08.000Z";"2021-12-11T00:13:11.000Z";0.0176228858;0.0190341579;0.0173653694;0.0188516125;31597171.99;303747589.8;"2021-12-11T23:59:59.999Z"
"2021-12-10T00:00:00.000Z";"2021-12-10T23:59:59.999Z";"2021-12-10T13:07:10.000Z";"2021-12-10T23:56:11.000Z";0.0183293885;0.0193726616;0.0175371198;0.0176146049;33399093.67;283816239.78;"2021-12-10T23:59:59.999Z"
"2021-12-09T00:00:00.000Z";"2021-12-09T23:59:59.999Z";"2021-12-09T00:17:09.000Z";"2021-12-09T20:46:10.000Z";0.0200730395;0.020227952;0.0182710936;0.0183518065;32629310.51;295694439.81;"2021-12-09T23:59:59.999Z"
"2021-12-08T00:00:00.000Z";"2021-12-08T23:59:59.999Z";"2021-12-08T18:50:09.000Z";"2021-12-08T11:04:09.000Z";0.0199016151;0.0203159097;0.0190910958;0.0200850626;35996161.92;323621618.52;"2021-12-08T23:59:59.999Z"
"2021-12-07T00:00:00.000Z";"2021-12-07T23:59:59.999Z";"2021-12-07T10:54:13.000Z";"2021-12-07T22:55:09.000Z";0.0202421797;0.0213722624;0.0195932993;0.0199505547;51315334.98;321454353.8;"2021-12-07T23:59:59.999Z"
"2021-12-06T00:00:00.000Z";"2021-12-06T23:59:59.999Z";"2021-12-06T22:20:09.000Z";"2021-12-06T11:14:08.000Z";0.0194944454;0.0204515018;0.0180185922;0.0202251895;53873684.91;325879420.76;"2021-12-06T23:59:59.999Z"
"2021-12-05T00:00:00.000Z";"2021-12-05T23:59:59.999Z";"2021-12-05T08:32:09.000Z";"2021-12-05T15:37:09.000Z";0.0200940629;0.0217827433;0.0185693527;0.0194146178;69318819.48;312819041.99;"2021-12-05T23:59:59.999Z"
"2021-12-04T00:00:00.000Z";"2021-12-04T23:59:59.999Z";"2021-12-04T00:00:12.000Z";"2021-12-04T05:28:09.000Z";0.0231123711;0.0231123711;0.015256484;0.0200942813;107134069.58;323770155.09;"2021-12-04T23:59:59.999Z"
"2021-12-03T00:00:00.000Z";"2021-12-03T23:59:59.999Z";"2021-12-03T12:15:15.000Z";"2021-12-03T20:21:19.000Z";0.0243154599;0.0248245769;0.0223713605;0.0230166429;46379349.95;370856859.77;"2021-12-03T23:59:59.999Z"
"2021-12-02T00:00:00.000Z";"2021-12-02T23:59:59.999Z";"2021-12-02T00:01:09.000Z";"2021-12-02T03:22:10.000Z";0.0249575191;0.0249575191;0.0238953614;0.024274491;43193636.62;391124002.32;"2021-12-02T23:59:59.999Z"
"2021-12-01T00:00:00.000Z";"2021-12-01T23:59:59.999Z";"2021-12-01T05:07:19.000Z";"2021-12-01T21:31:37.000Z";0.0255028006;0.0264932492;0.0246402876;0.0248903888;64724391.88;401047688.24;"2021-12-01T23:59:59.999Z"
"2021-11-30T00:00:00.000Z";"2021-11-30T23:59:59.999Z";"2021-11-30T20:44:38.000Z";"2021-11-30T06:19:27.000Z";0.0255280288;0.0268456336;0.0244143377;0.0255659486;120815318.11;411932680.63;"2021-11-30T23:59:59.999Z"
"2021-11-29T00:00:00.000Z";"2021-11-29T23:59:59.999Z";"2021-11-29T22:17:11.000Z";"2021-11-29T16:18:28.000Z";0.0250670499;0.026193284;0.0242733583;0.0255349247;66579145.57;411432806.81;"2021-11-29T23:59:59.999Z"
"2021-11-28T00:00:00.000Z";"2021-11-28T23:59:59.999Z";"2021-11-28T23:59:10.000Z";"2021-11-28T18:41:10.000Z";0.0244117915;0.0250263353;0.0225820344;0.0250263353;51928788.3;403238133.02;"2021-11-28T23:59:59.999Z"
"2021-11-27T00:00:00.000Z";"2021-11-27T23:59:59.999Z";"2021-11-27T16:01:09.000Z";"2021-11-27T00:06:08.000Z";0.0238142842;0.0254942149;0.0237378216;0.024340786;50299099.51;388808814.53;"2021-11-27T23:59:59.999Z"